{
  "Page Title": "FS5 Spectrofluorometer",
  "Introduction": "\nMultiple detector ports in one fully integrated instrument, measure up to 1650 nm and fluorescence lifetimes down to 25 ps\n>10,000:1 Water Raman SNR, high sensitivity allows for detection of very weak fluorescence signals\nThree detectors as standard, reference detector to correct for light source fluctuations, transmission detector for absorbance, single-photon counting (SPC) detector for ultimate sensitivity\nPlug & Play sample modules,\u00a0automatic sample module recognition and initialisation saves the user time and effort. Wide range of modules available for varied sample analysis\nNEW MicroPL Upgrade allows spectral and time-resolved photoluminescence measurements of samples in the microscopic scale\nLive video demonstration \u2013 contact us to arrange an online demonstration. We can accept your samples and talk you through the process as we run test measurements.\n\n",
  "Product Description": "FS5 Spectrofluorometer\nThe FS5 is a fully integrated, purpose-built spectrofluorometer designed to meet the highest measurement specifications in the research and analytical markets. To achieve optimal sensitivity, resolution, and acquisition speed, we\u00a0select only the optimal performance photomultipliers in temperature stabilised housings, and utilise an optical design that includes plane, spherical, toroidal, ellipsoidal mirrors and optimised mirror coatings; the FS5 is truly unrivalled in its spectral performance and sensitivity.\n\nNot only does the superior design of this spectrofluorometer guarantee the highest sensitivity and broadest wavelength coverage, but it has also been optimised for a small bright focus at the sample position. This is important for measuring small sample volumes and benefits many sample holder attachments like a plate reader, fibre launch optics mounting, titrators and sample positioners.\nThe standard FS5 has a number of upgrade routes that are unique in its class, including spectral range extension up to 1650 nm, Fluorescence and Phosphorescence Lifetime measurement capabilities, polarisation / anisotropy and much more. Please see the upgrades tab below for more information.\n",
  "Product Description img": [],
  "Product Description link": ["#", "/products/fs5-system-upgrades/"],
  "Technical Specifications": [
    ["", "Specification"],
    [
      [],
      [
        "Optics",
        "All-reflective for a wavelength independent focus with high brightness (small focus) at the sample"
      ],
      ["Source", "150 W CW Ozone-free xenon arc lamp"],
      [
        "Monochromators",
        "Czerny-Turner design with dual grating turret; plane gratings for accurate focus at all wavelength and minimum stray light"
      ],
      ["Spectral Coverage \u2013 Excitation", "230 nm \u2013 1000 nm"],
      ["Spectral Coverage \u2013 Emission", "200 nm \u2013 >870 nm"],
      [
        "Filter Wheels",
        "Fully automated; included in both the excitation and emission monochromators"
      ],
      [
        "Bandpass \u2013 Excitation/Emission",
        "0 to 30 nm, continuously adjustable"
      ],
      ["Wavelength Accuracy \u2013 Excitation/Emission", "\u00b1 0.5 nm"],
      ["Scan Speed \u2013 Excitation/Emission", "100 nm/s"],
      ["Integration Time", "1 ms \u2013 200 s"],
      [
        "Emission Detector",
        "Photomultiplier R928P, spectral coverage 200 nm \u2013 900 nm, cooled and stabilised"
      ],
      ["Reference Detector", "UV enhanced silicon photodiode"],
      ["Transmission Detector", "UV enhanced silicon photodiode"],
      ["Signal-to-Noise Ratio of Water Raman Signal", "SNR SQRT >10000:1"],
      ["Dimensions", "104 cm (w) x 59 cm (d) x 32 cm (h)"],
      ["Weight", "55 kg"]
    ],
    ""
  ],
  "Technical Specifications img": [],
  "Technical Specifications link": ["#"],
  "Software": "Fluoracle\u00ae is the operating software for the FS5 Spectrofluorometer. It controls all FS5 steady state and time-resolved spectrometer features with a straightforward design concept: focus on all modern photoluminescence spectroscopy applications and provide a user-friendly interface with \u2018ready to publish\u2019 outputs. Whether you select a basic spectral scanning version of FS5, or you go for an advanced version that includes TCSPC lifetime measurements or integrating sphere measurements, the all-inclusive software will provide instrument options automatically, from data acquisition to analysis and presentation.\nUpgrade to FAST Software for advanced fluorescence lifetime analysis.\n\nMeasurement Examples\nEmission Scans \u2013 with temperature dependence\nRhodamine B, unlike other Rhodamine derivatives, has a chemical structure that is not entirely rigid. Consequently, the diethylamino groups interact with the solvent\u2019s temperature, affecting the molecule\u2019s excited-state population and dynamics through torsional motion. This causes the fluorescence intensity to have a strong dependence on the sample temperature, which can be seen below as measured with the TE cooled sample holder.\n\nRhodamine B in water, OD at 525 nm = 0.1 Spectral Band width: 2.5 nm, integration time per point: 0.1 s Temp Accuracy Band: 0.5\u00baC, Temp Stabilisation Time: 10 min\nExcitation Scans \u2013 with pH dependence\nFluorescence excitation spectra are more selective than absorption spectra, as they reveal, by virtue of the selected emission wavelength, where the molecule can absorb photons to prodcue a particular emitting species. Accurate excitation spectra require a sensitive instrument, as the concentration of the sample must be kept low to avoid inner filter effects, and require reliable spectral correction to ensure proper spectral representation.\n\nFluorescein in water, with pH 2 \u2013 7 adjustments. Spectral Band width: 1.5 nm, integration time: 0.1 s pH adjusted between pH= 2 (blue shifted spectrum) and pH = 7 (spectrum of maximum intensity)\nSynchronous Scans \u2013 with concentration dependence\nIn synchronous spectral scans, the excitation and emission monochromators scan at the same time with a fixed wavelength offset, typically from 0 \u2013 20 nm of offset pending the application. For dilute mixtures, this type of scan is used to identify species with a strong overlap between absorption and emission. Synchronous scans, together with the integrating sphere attachment, can also be used to measure the transmission/reflectance/absorption spectra of strongly scattering powders.\n\nYAG: Ce powder, diluted with BaSO4 to study the effect of re-absorption/emission, concentration change from 100% down to 20%. The software wizard is used to calculate the Absorbance (left) from the raw data of synchronous scans (right).\nAbsorption Scans / Kinetic Scans\nThe FS5 can record the time course of a fluorescence signal, and, at the same time, record the signal transmitted through the sample. This enables experiments to be performed with chemically or biologically unstable samples, or with samples where very small changes need to be measured very accurately. The transmission detector is standard in the FS5.\n\nCaspase Assay, fluorescence time course recorded for a 100% enzyme addition (blue) and a 0% enzyme control (red). Peptide cleavage is recorded by an organic dye excited at 400 nm, emitting at 460 nm.\nExcitation-Emission Maps\nExcitation-Emission Maps (EEMs) provide a \u2018Finger Print\u2019 of complex mixtures of substances. These maps are typically measured either by a series of emission scans with stepwise increase, or for synchronous maps, by a series of synchronous scans and stepwise increase of the excitation-emission offset. A map measurement over a wide range of excitation and emission wavelengths, as shown here, can only be performed properly if higher order scatter is automatically removed during the measurement; the FS5\u2019s built in automatic filters, along with real-time correction for background noise and spectral efficiencies, allow these measurements to be seamlessly performed by even the newest users.\n\nBatch Measurements (Batch Mode)\nCombinations of excitation, emission, synchronous scans, excitation-emission or synchronous maps can be run in Batch Measurements. This means that several scans can be set for a sample and measured automatically without the presence of the user. The scans can be set to repeat in loops as many times as required, with a fixed pre-set delay between each scan. The batch measurements (protocols) can be saved and loaded for future use.\n\nMeasurements of absolute fluorescence quantum yield\nFluorescence quantum yields can be measured by using the optional, sample chamber mounted, integrating sphere. The absolute method directly compares the number of absorbed and emitted photons through measurement of a blank-reference and a sample where their spectra can be integrated with respect to each other. The quantum yield calculation is made using a wizard within the operating software.\n\nQuinine bisulphate in Perchloric acid. The red curve shows the scan over the excitation scatter at 350 nm and the emission of the sample, the blue curve shows the scatter of the blank measurement. The sample and blank-reference emission range (370 \u2013 700 nm) has been increased by a factor 100 for better demonstration.\nChromaticity and Colour Co-ordinates\nThe lighting industry requires precise determination of the colour co-ordinates of fluorescent powders. The FS5 and Fluoracle Software provides Chromaticity analysis tools for the determination of colour co-ordinates and luminosity values using CIE 1931 and CIE 1976. The example shows four commercial powders with blue, green, yellow and red emission.\n\nPlate Reader\nMultiple sample measurements can be made using the plate reader sample holder accessory. This can be used for liquid samples with commercial plates of up to 96 wells, but is also suitable for routine quality assessment of fluorescent powders. As with all the sample holder accessories, this is also compatible with the FS5 upgrade options, including the lifetime upgrades.\n\n",
  "Software img": [
    "https://www.edinst.com/wp-content/uploads/2015/07/RhodamineB-300x190.png",
    "https://www.edinst.com/wp-content/uploads/2015/07/excitation-300x210.png",
    "https://www.edinst.com/wp-content/uploads/2015/07/sync1.png",
    "https://www.edinst.com/wp-content/uploads/2015/07/sync2.png",
    "https://www.edinst.com/wp-content/uploads/2015/07/abso-300x207.png",
    "https://www.edinst.com/wp-content/uploads/2015/09/EEM-300x255.jpg",
    "https://www.edinst.com/wp-content/uploads/2015/07/picturemessage_zrika0x4.4sx-300x263.png",
    "https://www.edinst.com/wp-content/uploads/2015/07/abqy-300x209.png",
    "https://www.edinst.com/wp-content/uploads/2015/07/chr1.png",
    "https://www.edinst.com/wp-content/uploads/2015/07/chr2.png",
    "https://www.edinst.com/wp-content/uploads/2015/07/chr3.png",
    "https://www.edinst.com/wp-content/uploads/2015/07/pr1-300x187.png",
    "https://www.edinst.com/wp-content/uploads/2015/07/pr2.png"
  ],
  "Software link": [
    "#",
    "/products/fluoracle-software-photoluminescence-control-and-analysis/",
    "/products/fast-software-advanced-lifetime-analysis/",
    "#",
    "#",
    "#",
    "#",
    "#",
    "#",
    "#",
    "https://www.edinst.com/products/fs5-spectrofluorometer/chr1/",
    "https://www.edinst.com/products/fs5-spectrofluorometer/chr2/",
    "#",
    "#",
    "#"
  ],
  "Upgrades": "\n\n\t\t\t\tTime-Resolved Measurement Upgrades\t\t\t\n\nFS5 \u2013 MCS  The instrument has all the features of the standard FS5, plus the capability to measure sample decays with lifetimes of over one microsecond (phosphorescence, lanthanide decays). The changeover between the standard continuous xenon light source and the pulsed xenon flash lamp is software controlled and the acquisition mode automatically changes from standard photon counting to time resolved photon counting. The software incorporates fitting and reconvolution analysis for lifetime evaluation.\u00a0The instrumental response function (IRF) of this instrument is 2 microseconds. Lifetimes from\u00a0<10 \u03bcs to >10 s can be accurately measured.\nFS5 \u2013 TCSPC  The instrument has all the features of the standard FS5, plus the capability of fluorescence lifetime measurements in the picosecond, nanosecond and the lower microsecond (<50 \u03bcs) time range. The FS5-TCSPC version requires picosecond pulsed diode lasers and LEDs for excitation, which are simply attached to the\u00a0FS5-TCSPC housing and are compatible to all sample holder options.\u00a0The software is fully compatible with all measurement options and offers numerical reconvolution and curve fitting. Note that the picosecond diode lasers (EPL series, HPL Series) and the picosecond pulsed LEDs (EPLED series) come with different output wavelengths. More than one of these picosecond pulsed light sources may be required to cover your range of applications. TCSPC lifetime measurements with the standard FS5 detector will have an instrumental response function (IRF) of approximately 800 ps (FS5-TCSPC), enabling\u00a0<100 ps lifetimes to be resolved. The exact value depends on which EPL or EPLED model is used. For challenging applications the IRF can be improved by fitting a SECOND, faster detector (FS5-TCSPC+). Using an EPL as an excitation source in this configuration will result in an IRF of\u00a0<200 ps, enabling approximately\u00a025 ps lifetimes to be resolved (depending on the source used).\n\n\n\n\t\t\t\tSpectral Range Upgrades\t\t\t\n\nFS5 \u2013 NIR  This is a unique upgrade route that is only available to the FS5 spectrofluorometer. The FS5-NIR has a SECOND detector fitted to expand the operating spectral range without sacrificing the performance of the standard instrument. There are two NIR versions available: FS5-NIR is fitted with an extra-cooled side window PMT and selected grating for sensitivity up to 1010 nm; FS5-NIR+ is fitted with a TE cooled NIR-PMT and NIR-grating for sensitivity up to 1650 nm. Both options are based on single-photon counting electronics for maximum sensitivity and compatibility with any of the lifetime options, should they be added.\n\n\n\n\t\t\t\tPolarisation Upgrade\t\t\t\n\nFS5 \u2013 POL  This upgrade comprises the standard FS5 with fully computerised polarisers in both excitation and emission arms. The polarisers enable polarised fluorescence and fluorescence anisotropy studies. Automated measurements and generation of anisotropy curves, both raw and G-factor corrected, are supported by the software. If combined with the TCSPC option, time-resolved fluorescence anisotropy measurements and analysis will also be possible. FS5-POL uses Calcite polarising prisms with an operational range of 240 nm \u2013 2300 nm for both excitation and emission. This\u00a0ensures compatibility with the NIR options FS5-NIR and FS5-NIR+.\n\n\n\n\t\t\t\tSample Holders / Cassette Upgrades\t\t\t\n\nWe have measurement modules\u00a0available for practically all applications. These can be purchased at any time and can be easily installed by the user. The installation takes no more than a few seconds. The Fluoracle software automatically recognises which of the measurement modules is in use. This reduces the complexity in the user interface and ensures ease of operation.\nSample Cassettes (SC) available include:\nSC-05: Standard Cuvette Holder\nSC-10: Solid Sample Holder (upright/tilted sample)\nSC-15: Solid Sample Holder (horizontal sample)\nSC-20: Thermostatic Sample Holder (water bath regulation)\nSC-25: TE-Cooled Sample Holder (-50\u00b0C\u00a0to +105\u00b0C)\nSC-26: TE-Cooled Sample Holder (-50\u00b0C\u00a0to +150\u00b0C)\nSC-27: 4-position TE-Cooled Sample Holder (-40\u00b0C to +105\u00b0C)\nSC-28: Heated Sample Holder for Powders (up to 300\u00b0C)\nSC-30: Integrating Sphere\nSC-41: 384 Micro-well Plate Reader\nSC-50: Optical Fibre Launcher (liquid light guides, SMA, FC)\nSC-60: Calibration Kit\nSC-70: Liquid Nitrogen EPR Dewar\nSC-80: Liquid Nitrogen Cryostat\nContact us directly\u00a0to customise your sample cassette\n \n\n\n\n\t\t\t\tMicroPL Upgrade\t\t\t\n\nThe MicroPL upgrade allows spectral and time-resolved photoluminescence measurements of samples in the microscopic scale. The FS5 is upgraded with a microscope so you can finely tune both the excitation light (illumination) and the detected emission, using widefield or point excitation.\nThe microscope can be supplied as either an upright and inverted microscopes. Imaging cameras are available spanning the spectrum from the visible to the near-infrared, up to 1700 nm. Excitation can be provided by halogen lamps (wide field excitation), picosecond pulsed diode lasers (EPL Series,\u00a0HPL Series) and pulsed LEDs (EPLED Series), supercontinuum sources and Nd:YAG lasers (lasers and semiconductor sources provide point source illumination). Steady state emission spectra and fluorescence lifetime measurements can be obtained from specific spots on your sample, when using appropriate lasers. Lasers can achieve a spot size of ~2 \u03bcm (objective dependent).\nThe optional FLIM add-on includes a computer-controlled XYZ stage and unlocks special features in the Fluoracle software including advanced analysis options for maps, such as multi-component decay fitting algorithms.\nDownload the MicroPL Datasheet.\n\n\n\n\n\t\t\t\tSoftware Upgrade\t\t\t\n\nThe standard Fluoracle software package can be upgraded to include the FAST software package. This is used for advanced fluorescence lifetime analysis and includes features such as lifetime distribution analysis and exponential components analysis. Please click on the link\u00a0to learn more about FAST software or contact us directly.\n\n\n\n",
  "Upgrades img": [
    "https://www.edinst.com/wp-content/uploads/2015/09/sc-10-03-216x300.jpg",
    "https://www.edinst.com/wp-content/uploads/2015/09/sc-30-05-low-216x300.jpg",
    "https://www.edinst.com/wp-content/uploads/2015/09/sc-80-02-147x300.jpg",
    "https://www.edinst.com/wp-content/uploads/2015/07/Picture3.png"
  ],
  "Upgrades link": [
    "#",
    "https://www.edinst.com/techniques/phosphorescence-lifetime/",
    "/techniques/time-resolved-fluorescence/",
    "/products/epl-laser-diodes-2/",
    "https://www.edinst.com/products/pulse-diode-laser-hpl-series/",
    "/products/picosecond-pulsed-led/",
    "/products/fluoracle-software-photoluminescence-control-and-analysis/",
    "/contact-us/",
    "#",
    "#",
    "#",
    "https://www.edinst.com/products/epl-laser-diodes-2/",
    "https://www.edinst.com/products/pulse-diode-laser-hpl-series/",
    "https://www.edinst.com/products/picosecond-pulsed-led/",
    "https://www.edinst.com/wp-content/uploads/2017/04/WEB_MicroPL_Data-Sheet_0322_STG04.pdf",
    "/products/fluoracle-software-photoluminescence-control-and-analysis/",
    "/products/fast-software-advanced-lifetime-analysis/",
    "/contact-us/"
  ],
  "Application Notes": "FS5 Spectrofluorometer\n\nMeasuring the Two-Photon Absorption Spectra of Organic Solutions Via Two-Photon Induced Fluorescence Spectroscopy\nEmission Tail of Indium Phosphide Quantum Dots Investigated using the FS5 Spectrofluorometer\nIdentifying Thermally Activated Delayed Fluorescence (TADF) using an FS5 Spectrofluorometer\nElectroluminescence and Photoluminescence Spectroscopy of a Phosphorescent Organic Light Emitting Diode (PhOLED)\nTuning the Photoluminescence of Graphene Oxide\n\n\u00a0\nYou can find all of our Application Notes\u00a0here.\n",
  "Application Notes img": [],
  "Application Notes link": [
    "#",
    "https://www.edinst.com/measuring-the-two-photon-absorption-spectra-of-organic-solutions/",
    "https://www.edinst.com/emission-tail-of-indium-phosphide-quantum-dots-fs5-spectrofluorometer/",
    "https://www.edinst.com/identifying-thermally-activated-delayed-fluorescence-tadf-using-an-fs5-spectrofluorometer/",
    "https://www.edinst.com/organic-light-emitting-diode/",
    "https://www.edinst.com/graphene-oxide-photoluminescence/",
    "https://www.edinst.com/library-categories/application-notes/"
  ],
  "Downloads": "FS5 Spectrofluorometer BrochureFS5 Spectrofluorometer DatasheetTCC2 Lifetime Electronics Module DatasheetMicroPL Datasheet",
  "Downloads img": [],
  "Downloads link": [
    "#",
    "https://www.edinst.com/wp-content/uploads/2015/07/EI_FS5-Brochure_2022_Stg10-DIGITAL.pdf",
    "https://www.edinst.com/wp-content/uploads/2015/07/FS5-Data-Sheet-1.pdf",
    "https://www.edinst.com/wp-content/uploads/2017/04/TCC2-Specifications-Data-Sheet.pdf",
    "https://www.edinst.com/wp-content/uploads/2017/04/WEB_MicroPL_Data-Sheet_0322_STG04.pdf"
  ]
}
