{
  "Page Title": "Cuvette Holder",
  "Introduction": "Single cuvette holder, temperature adjustable by water/coolant circulation, fitted with integrated probe for sample temperature monitoring by spectrometer operating software. Filter slots are provided for holding 50 mm square filters. This sample holder is included as part of the standard system.\n",
  "Product Description": "Single cuvette holder, temperature adjustable by water/coolant circulation, fitted with integrated probe for sample temperature monitoring by spectrometer operating software. Filter slots are provided for holding 50 mm square filters. This sample holder is included as part of the standard system.\n",
  "Product Description img": [],
  "Product Description link": ["#"]
}
