{
  "Page Title": "LP980 Upgrades",
  "Entry": "The upgrade options are modifications or additions to the main body of the LP980. All upgrades are best installed at the time of manufacture, but they can also be retro-fitted by a qualified service engineer during an on-site visit.\nAll the standard features of the\u00a0LP980 are retained when an upgrade option has been added. Many of the options can be combined allowing for outstanding flexibility for an instrument of this class.\n",
  "\n\t\t\t\tEmission Kinetics and Spectra Upgrade\t\t\t": "\nIntensified Charge-Coupled Device (ICCD) Camera\nThe generation of spectra in kinetic mode by successive measurement at different wavelengths requires many excitation flashes. This can be problematic due to photo-degradation and stability of the sample over time. This can be overcome by upgrading to spectral mode\u00a0and fitting an ICCD onto the instrument.\n\nThe ICCD detector has a high dynamic range and an ultra-low readout noise and can be controlled by the L900 software.\nSpectral Range: 180 nm \u2013 850 nm (W-AGT photocathode)\nMinimum Optical Gate Width: 7 ns\nCCD Camera Specification\nFull Number of Pixels: 1024 x 256\nNumber of Active Pixels: 960 x 255\nActive Area: 25 mm x 6.7 mm\nCooling: -30\u00b0C (-40\u00b0C with additional coolant circulation)\n",
  "\n\t\t\t\tMeasurement Techniques Upgrades\t\t\t": "\nLaser-Induced Breakdown Spectroscopy (LIBS)\nSample holder for LIBS measurements. The sample holder consists of an additional internal sample chamber with a horizontal sample mount. The laser is directed down onto the sample and the resultant signal is collected with additional optics and directed towards the emission monochromator.\nNote: An ICCD is required for LIBS measurements and is not included as standard with the LIBS upgrade.\n\nGround and Excited-State Raman\nThe Raman upgrade adds the ability to measure time-resolved Raman measurements, by using a Q-switched laser operating at 532 nm. An\u00a0ICCD is used\u00a0to measure the Raman spectrum to <100 cm-1. Optical delays (or two synchronised lasers) may be used to measure excited state Raman spectra.\nNote:\u00a0A laser source and an ICCD are required for Raman measurements and are\u00a0not included\u00a0as standard with the Raman upgrade.\n",
  "\n\t\t\t\tSample Holder Options\t\t\t": "\nLiquids\nCross-Beam Geometry: Standard sample holder of the LP920. Laser beam and probe beam intersect perpendicular at the sample position. The sample holder is designed to accept standard fluorescence cuvettes. Cuvettes can be positioned so that the probe beam passes through the centre of the cuvette or close to the surface of the incoming laser beam. The sample can be cooled by an external water circulator.\nSolids and Powders (non-transparent)\nDiffuse Reflectance: A sample holder for solid, non-transparent samples to be measured in Laser Flash Photolysis. This option requires samples to show significant diffuse scattering.\nGases and Low Density Liquids\nQuasi Co-Linear Optics: A sample holder for low density liquid samples or gas samples to be measured in Laser Flash Photolysis. Laser beam and probe beam intersect in the sample in an angle of 3 degrees.\nStop-Flow Accessory\nRapid kinetic accessory for manual multi-mixing of samples capabilities. Comprises sample handling unit fitted with three 1 mL drive syringes, 600 mm long umbilical, manually operated drive, square mixing/observation cuvette with standard dimensions (10 mm path way). The stop-flow accessory can be computer-controlled as an option.\nNote: This accessory can be used only with the halogen lamp as this is designed for ultimate long-term stability compared to arc-lamps.\n",
  "\n\t\t\t\tTemperature Control Options\t\t\t": "\nBath/Refrigerator (-10\u00b0C \u2013 +100\u00b0C): Closed cycle water/coolant bath to be used with water-cooled sample holders. The temperature range is -10\u00b0C to +100\u00b0C. The unit comprises digital display of set and measured temperature. The temperature range at the sample position can be reduced depending on the length and the insulation of the coolant pipes used.\nLiquid Nitrogen Cryostat (77 K \u2013 300 K): Oxford Instruments liquid nitrogen cryostat, OptistatDN. The assembly comprises the cryostat head, the temperature controller, and a mounting flange and pedestal, directly compatible to the LP980 sample holder socket. Includes heater and sensor, cuvette holder, optical sample holder and sample rod. Spectrosil B quartz windows are used. Cryostat can be fully controlled by computer and\u00a0L900 software.\nLiquid Helium Cryostat (3.4 K \u2013 300 K): Oxford Instruments liquid helium cryostat, OptistatCF. The assembly comprises the cryostat head, the temperature controller, transfer tube and SV12 adaptor, VC31 gas flow controller, GF4 pump, and a mounting flange and pedestal that is directly compatible to the LP980 holder socket. Includes heater and sensor, cuvette holder, optical sample holder and sample rod. Spectrosil B quartz windows are used. Cryostat can be fully controlled by computer and L900 Software.\nLiquid Helium Cryostat Extended Temperature Range (3.4 K \u2013 500 K): Oxford Instruments extended temperature range liquid helium cryostat, OptistatCF. The assembly comprises the cryostat head, the ITC503 temperature controller, the LLT600 transfer tube and SV12 adaptor, VC31 gas flow controller, GF4 pump, and a mounting flange and pedestal that is directly compatible to the LP980 holder socket. All other inclusions as the standard liquid helium cryostat.\nTE Cooled Sample Holder Standard Range (-10\u00b0C \u2013 +105\u00b0C): Thermoelectrically cooled 4-window cuvette holder with controller that enables stable temperature control of samples from -10\u00b0C to +105\u00b0C (-10\u00b0C with dry gas flow, 5\u00b0C without gas flow). The temperature can be held constant with \u00b10.02\u00b0C precision and can be rapidly changed. A magnetic stirrer (without stirrer bars) is included. The TE cooled sample holder is fully controlled by the spectrometer operating software L900.\nTE Cooled Sample Holder Extended Range (-40\u00b0C \u2013 +150\u00b0C): Extended range thermoelectrically cooled 4-window cuvette holder with controller that enables stable temperature control of samples from -40 \u00b0C to +150 \u00b0C (-10 \u00b0C with dry gas flow, 5 \u00b0C without gas flow). The temperature can be held constant with \u00b10.02\u00b0C precision and can be rapidly changed. The temperature range can be extended below -10\u00b0C and above +150\u00b0C with a special cover in place and for temperatures below -10\u00b0C chilled coolant fluid will be required. A magnetic stirrer (without stirrer bars) is included. The TE cooled sample holder is fully controlled by the spectrometer operating software L900.\n",
  "\n\t\t\t\tSpectral Range Upgrades\t\t\t": "\nExtended Range\u00a0PMTs\nExtended Red-Sensitive Photomultiplier (200 nm \u2013 1010 nm):\u00a0photomultiplier in standard LP920 housing. Detector response width of 7 ns, integrated with high voltage power supply.\nInGaAs Detectors (NIR Range)\nA range of InGaAs detectors are available that cover the range 900 nm \u2013 2050 nm. For more details please contact us.\n",
  "\n\t\t\t\tSoftware Upgrade\t\t\t": "\nThe standard\u00a0L900 software package can be upgraded to include the FLASH software package. This is used for advanced transient absorption curve fitting and includes features such as lifetime distribution analysis and exponential components analysis. Please click on the link\u00a0to learn more about FLASH software or contact us directly.\n"
}
