{"Page Title": "Advanced FLASH Software", "Introduction": "For advanced transient absorption curve fitting, Edinburgh Instruments offers the FLASH software package.\nThis software package sets new standards in precision, robustness and speed of data acquisition.\nFLASH is an add-on to the L900 software package and provides advanced analysis tools for\u00a0curve fitting\u00a0not provided as standard by L900.\n", "Product Description": "This package contains a library of curve fitting routines based on proprietary data processing algorithms. This allows\u00a0a wide variety of different measurements and correction methods\u00a0to be made.\nThe user can have complete confidence in the quality and reproducibility of the analysed data as it has been comprehensively tested with real and simulated data for validation. Despite the sophisticated and challenging analysis models, FLASH is easy to operate, with an intuitive and user friendly interface. A wide range of data input, output and on screen visualisation are available.\n\u00a0\n", "Product Description img": ["https://www.edinst.com/wp-content/uploads/2015/09/RuBpy-Spectral-300x209.jpg"], "Product Description link": ["#", "https://www.edinst.com/wp-content/uploads/2015/09/RuBpy-Spectral-300x209.jpg"], "Technical Specifications": [["Advanced Analysis Tools of FLASH (not provided by L900)"], [[], ["Analysis of first order kinetics, single curve analysis and multiple curve batch analysis, with up to four exponential terms"], ["Global analysis of first order kinetics, including generation of lifetime discriminated spectra or decay associated spectra (DAS)"], ["Analysis of second order kinetics, single curve Analysis and multiple curve batch analysis"], ["Global Analysis of second order kinetics, including generation of time resolved spectra"], ["Analysis of mixed first and second order kinetics, single curve analysis and multiple curve batch analysis"], ["Global Analysis of mixed first and second order kinetics, including generation of time resolved spectra"], ["Calculation of parameter confidence intervals by support plane analysis"], ["The FLASH software licence is protected by a USB key"]], ""], "Technical Specifications img": [], "Technical Specifications link": ["#"]}