{"Page Title": "Mercury-Argon Calibration Lamp", "Introduction": "\nCalibration lamp with Mercury and Argon gas emission lines from 253.65 nm -1013.98 nm\nPortable operation from 9VDC battery and includes 5VDC wall power adapter\nUsed to perform wavelength calibration and demonstrate spectrometer resolution and\u00a0operational range for UV/VIS/NIR/XNIR configurations\n\n", "Downloads": "Mercury-Argon Calibration Lamp Specification", "Downloads img": [], "Downloads link": ["#", "https://www.edinst.com/wp-content/uploads/2015/08/SL2-HgA-light.pdf"]}