{"Page Title": "Blue Wave - Miniature UV/VIS", "Introduction": "\nMeasurements in the 200-1150nm wavelength regions\nFor process, lab, field \u00a0and OEM applications\nImproved electronics with high speed 16-bit digitizer allows for fast data acquisition\nSignal: noise = 1000:1\nUSB-2 Plug & play with Windows XP/Vista/7/8\nUnits may be daisy chained together for simultaneous measurement\n254 mm (W) x 762 mm\u00a0(d) x 1270 mm\u00a0(h) allows extreme portability\n\n\u00a0\n", "Product Description": "The StellarNet BLUE-Wave miniature spectrometers are fiber optically coupled instruments with a wide selection of models for \u00a0measurements in 200-1150nm wavelength ranges.\nEach unit contains a USB interface with a snap shot memory to provide instantaneous spectral image from the highly sensitive CCD with 2048.\nVarious models provide a choice of grating range and slit resolutions.\u00a0 New and improved electronics with a high speed 16-bit digitizer allows for fast data acquisition and a signal to noise of 1000:1.\nUp to 8 units can be daisy chained together and are able to run simultaneously.\u00a0 Additionally the new BLUE-Wave miniature spectrometers can be powered directly from your PC USB-2 port.\nA single strand fiber optic cable or probe assembly delivers input via standard SMA 905 fiber optic connector with a choice of cable lengths.\nThe spectrograph optics are exceptionally robust in a vibration tolerant modular design, with no moving parts.\n", "Product Description img": [], "Product Description link": ["#"], "Downloads": "Blue Wave Full Specification", "Downloads img": [], "Downloads link": ["#", "https://www.edinst.com/wp-content/uploads/2015/09/StellarNet-BLUE-Wave-SPEC.pdf"]}