{
  "Page Title": "Front Face Sample Holder",
  "Introduction": "The front face sample holder has external adjustment for accurate sample positioning. The accessory comes with inserts for demountable cuvette film/slide clamp and holder for microsamples.\nOptions include:\nDemountable sample clamp for front face measurement of powders.\nDemountable sample clamp for thin films and slides.\nOther Holder Options Include:\nFront Face Sample Holder on Rotational Stage\nSingle position front face sample holder on rotational stage. The sample holder has been designed to study emission phenomena that depend on the angle of the sample orientation in respect to the emission or excitation path. Sample angle adjustable from outside the sample chamber. This sample holder is suitable for measuring front face emission on strongly absorbing samples in cuvettes. Two inserts are supplied, suitable for measurements of powders and film/slide samples.\nFront Face Sample Clamp on a Rotational Stage\nSingle position front face sample clamp holder on rotational stage. The sample holder has been designed to study emission phenomena that depend on the angle of the sample orientation in respect to the emission or excitation path. Sample angle adjustable from outside the sample chamber. This sample holder is suitable for measuring front face emission on films or slides up to a thickness of 5 mm.\nFront Face Sample Holder on XY Stage\nSingle position front face sample holder on XY stage. This sample holder is designed for film/slide samples that consist of a \u201cgrid\u201d of individual samples, or for testing a sample\u2019s homogeneity. X and Y position adjustable from outside sample chamber. This sample holder is suitable for measuring front face emission of cuvettes and films/slides.\nSample holder for powder samples (vertical excitation/emission)\nSample holder with removable powder tray and plane beam steering mirror. The mirror directs the excitation light quasi vertically onto the sample while the emission is collected and directed to the emission beam path using the same mirror. This assembly requires the mirror option in the sample chamber.\n",
  "Product Description": "The front face sample holder has external adjustment for accurate sample positioning. The accessory comes with inserts for demountable cuvette film/slide clamp and holder for microsamples.\nOptions include:\nDemountable sample clamp for front face measurement of powders.\nDemountable sample clamp for thin films and slides.\nOther Holder Options Include:\nFront Face Sample Holder on Rotational Stage\nSingle position front face sample holder on rotational stage. The sample holder has been designed to study emission phenomena that depend on the angle of the sample orientation in respect to the emission or excitation path. Sample angle adjustable from outside the sample chamber. This sample holder is suitable for measuring front face emission on strongly absorbing samples in cuvettes. Two inserts are supplied, suitable for measurements of powders and film/slide samples.\nFront Face Sample Clamp on a Rotational Stage\nSingle position front face sample clamp holder on rotational stage. The sample holder has been designed to study emission phenomena that depend on the angle of the sample orientation in respect to the emission or excitation path. Sample angle adjustable from outside the sample chamber. This sample holder is suitable for measuring front face emission on films or slides up to a thickness of 5 mm.\nFront Face Sample Holder on XY Stage\nSingle position front face sample holder on XY stage. This sample holder is designed for film/slide samples that consist of a \u201cgrid\u201d of individual samples, or for testing a sample\u2019s homogeneity. X and Y position adjustable from outside sample chamber. This sample holder is suitable for measuring front face emission of cuvettes and films/slides.\nSample holder for powder samples (vertical excitation/emission)\nSample holder with removable powder tray and plane beam steering mirror. The mirror directs the excitation light quasi vertically onto the sample while the emission is collected and directed to the emission beam path using the same mirror. This assembly requires the mirror option in the sample chamber.\n",
  "Product Description img": [],
  "Product Description link": ["#"]
}
