{"Page Title": "Fibre Optic Cables", "Introduction": "\nSingle strand, multimode fibre optic cables are available with SMA905 connectors, \u00bc inch diameter. steel mono-coil armor with black PVC jacket. Sizes include 400 \u03bcm, 600 \u03bcm, or 1000 \u03bcm core diameters\nStandard lengths are 1 and 2 meters\nCustom lengths are available with a minimum price of a 1 meter fibre (extra delivery time also)\n\n", "Product Description": "We offer a variety of fibre optic cables for use with compact and modular spectroscopy instrumentation. Fibre optic cables provide an easy way to transmit light without need for system alignment or attenuation of signal.\u00a0 Light can be easily transferred from a light source to a cuvette holder containing a sample then back to a spectrometer for detection.\n", "Product Description img": [], "Product Description link": ["#"], "Downloads": "Fibre Optic Cables Specification", "Downloads img": [], "Downloads link": ["#", "https://www.edinst.com/wp-content/uploads/2015/09/Fiber-Optic-Cables.pdf"]}