{"Page Title": "Deuterium (200 nm - 400 nm)", "Introduction": "\nWorlds smallest 4000 hour deuterium light source for continuous wave UV light\nSpecially designed for maximum stability, suitable for process applications down to 200nm\nIntegrated filter holder fits several 0.5\u2033 diameter disk filters for various applications\nIncludes 24 VDC power adapter\nOptional DCX Lens installation for 7-10 x gain\nOptional U330 filter for D-alpha line (654 nm) elimination\n\n", "Downloads": "Deuterium Lamp Specifications", "Downloads img": [], "Downloads link": ["#", "https://www.edinst.com/wp-content/uploads/2015/09/SL3-Deuterium-light.pdf"]}