{"Page Title": "Our FLS980 Spectrometer", "Introduction": "The FLS980 has now been discontinued and is superseded by our new and improved FLS1000 photoluminescence spectrometer. \nThe FLS1000 is a state of the art spectrometer for the most demanding fluorescence analysis applications in Photophysics, Photochemistry, Materials Sciences and Life Sciences.\nDiscover the FLS1000 photoluminescence spectrometer.\nFluorescence Analysis\nWhy not view our complete range of fluorescence analysis instrumentation and find the best instrument for your fluorescence research. For further information on any of our products, please contact us.\n\u00a0\n", "Product Description": "FLS980 Spectrometer Upgrades\nWe offer a full range of spectrometer upgrades for the FLS980 including configuration, light source and software upgrades in addition to monochromator options, detector option and fluorescence and phosphorescence upgrades. View the full range of FLS980 upgrades.\nFor further information regarding the FLS980, please contact a member of our sales team who will be delighted to help.\n\nThe FLS980 combines ultimate sensitivity with high spectral resolution and excellent stray light rejection, setting the industry the standard for both steady state and time-resolved\u00a0photoluminescence spectroscopy in the ultraviolet and near-infrared spectral range. The modular construction enables the system to be readily configured to meet your individual research needs as well as be reconfigured as your research changes.\nThe FLS980 is supplied with computer-controlled, triple grating turret monochromators, with up to three different gratings permanently fitted. This allows a large spectral range to be covered while providing the maximum ease of use.\nTwo detectors with independent exit slits can be mounted on a single emission monochromator (three on double emission monochromator). Single photon counting PMTs are available to cover the wavelength range from 200 nm \u2013 1700 nm, while analog detectors extend the wavelength range to beyond 5000 nm.\nA signal-to-noise ratio of >25,000:1 for the Water Raman Spectrum under standard measurement conditions is guaranteed. This sensitivity allows the spectra of weak dye solutions (< 100 fM) to be routinely measured.\nAn optional upgrade to the sensitivty of the FLS980 is available. This takes the signal-to-noise ratio to >35,000:1 guaranteed.\nThe FLS980 has a USB interface and all modes of operation are controlled by ONE data acquisition module and ONE all-inclusive F980 software package for data acquisition and analysis. Light source, detector, grating, slits, polarizers are all computer-controlled for accurate and precise measurements.\n\nExcitation Sources\nThe FLS980 comes standard with a 450 W ozone free xenon arc lamp that covers a range of 230 nm to 1000 nm for steady state measurements. A variety of other sources can be integrated including microsecond flashlamps, nanosecond flashlamp, pulsed diode lasers (EPL Series), pulsed light emitting diodes (EPLED Series), supercontinuum lasers, Ti:sapphire lasers, Q-switched solid state lasers and OPOs, dye lasers, and infrared CW and pulsed lasers for upconversion measurements.\nMonochromators\nSingle and double grating Czerny-Turner monochromators are available in the FLS980 with 300 mm (or 2 x 300 mm) focal length, high optical throughput, excellent stray light rejection and low temporal dispersion. The monochromators feature triple grating turrets with up to three gratings on each turret and computer-controlled slits.\nDetectors\nA full range of detector options are available to enhance the range of spectral coverage and or to reduce the instrumental response width for lifetime measurements. The instrument comes standard with a R928P PMT detector in a cooled housing which covers a range from 200 nm\u00a0\u2013 870 nm, in TCSPC mode the instrumental response width is approximately 600 ps. Optional detectors include: high speed PMTs in a cooled housing with instrument response <100 ps, MCP-PMT in cooled housings with a response <25 ps, NIR-PMTs to cover spectral ranges out to 1700 nm with photon counting sensitivity and speed, InGaAs detectors with spectral coverage up to ~1.65 \u03bcm, 2.05 um and 2.55 \u03bcm, InAs and InSb detectors to cover out to 5.5 \u03bcm.\nSample Holders\nAt the heart of the FLS980 is an exceptionally large sample chamber that allows access to the sample from all sides, top and bottom. This ensures compatibility and simplifies access to a variety of sample holders.\nFluorescence Analysis\nFor further information on our range of fluorescence analysis instrumentation, why not visit our fluorescence products overview.\n", "Product Description img": [], "Product Description link": ["#", "https://www.edinst.com/products/fls980-upgrades/", "https://www.edinst.com/contact-us/", "/products/f980-software-photoluminescence-control-and-analysis/", "/products/epl-laser-diodes-2/", "/products/picosecond-pulsed-led/", "https://www.edinst.com/types/fluorescence-spectrometers/"], "Technical Specifications": [["Specifications", "FLS980\nSpectral", "FLS980\nFluorescence Lifetime", "FLS980\nPhosphorescence Lifetime", "Monochromator Specifications", "", "Photomultiplier Options", "", "", "", "", ""], [[], ["System", "A computer-controlled spectrometer for measuring steady state luminescence spectra in the UV-NIR spectral range", "Computer-controlled spectrometer for measuring fluorescence lifetimes spanning the range from picoseconds to microseconds", "Computer-controlled spectrometer \nfor measuring phosphorescence lifetimes spanning the range from microseconds to seconds"], ["Mode of operation", "Single Photon Counting \u2013 Steady State Measurements", "Time-Correlated Single Photon Counting (TCSPC)", "Time-Resolved Single Photon Counting \u2013 Multi-Channel Scaling (MCS)"], ["Lifetime range", "Milliseconds to hours", "100 ps \u2013 50 \u00b5s (nF920)\n5 ps \u2013 50 \u00b5s \n(fs laser/MCP-PMT)", "1 \u00b5s \u2013 10 s (\u00b5F2)\n10 ns \u2013 10 s (pulsed laser)"], ["Sensitivity", ">25,000:1", "n/a", "n/a"], ["Excitation Sources", "", "", ""], ["    Type", "450 W ozone-free xenon arc lamp", "Nanosecond flashlamp (nF920)", "Microsecond flashlamp (\u00b5F2)"], ["    Mode of operation", "Steady state", "TCSPC", "MCS"], ["    Spectral range", "230 nm \u2013 >1000 nm", "200 nm \u2013 >400 nm", "200 nm \u2013 >1000 nm"], ["    Pulse width", "n/a", "<1 ns", "1-2 \u00b5s"], ["    Options", "Ozone generating lamp with spectral range \n200 nm \u2013 >1000 nm", "Picosecond pulsed diode lasers (EPL Series) and pulsed LEDs (EPLED Series)", "Low to medium repetition rate pulsed lasers"], [], ["Type", "Czerny-Turner with Triple Grating Turret"], ["Focal length", "300 mm, (double monochromators: 2 x 300 mm) "], ["Slits", "<10 \u00b5m to 12 mm fully computer-controlled"], ["Stray light rejection", "1:10-5  (single monochromators),  1:10-10 (double monochromators)"], ["Gratings", "Mounted to triple grating turret, fully computer controlled, contact us for more information"], [], ["Photomultiplier", "R928P", "R2658P", "NIR PMT", "High Speed", "MCP-PMT"], ["Spectral range", "200 nm \u2013 \n870 nm", "300 nm \u2013 \n1010 nm", "300 nm \u2013 \n1700 nm", "230 nm \u2013 \n870 nm", "200 nm \u2013 \n850 nm"], ["Dark count rate", "<50 cps \n(-20\u00b0C)", "<100 cps \n(-20\u00b0C)", "<200 kcps \n(-80\u00b0C)", "<100 cps \n(0\u00b0C)", "<50 cps \n(-20\u00b0C)"], ["Response width", "600 ps", "600 ps", "800 ps", "200 ps", "<50 ps"]], "", "", ""], "Technical Specifications img": [], "Technical Specifications link": ["#", "http://edinburgh-instruments.localhost/techniques/steady-state-fluorescence/", "http://edinburgh-instruments.localhost/techniques/time-resolved-fluorescence/", "http://edinburgh-instruments.localhost/techniques/phosphorescence-lifetime/", "http://edinburgh-instruments.localhost/products/epl-laser-diodes-2/", "http://edinburgh-instruments.localhost/products/picosecond-pulsed-led/", "http://edinburgh-instruments.localhost/contact-us/", "/products/fls980-upgrades/", "/contact-us/"], "Software": "F980 spectrometer operating software is at the heart of all our fluroescence spectrometers and is a fully comprehensive, user-friendly data analysis software package. Irrespective of system configurations, this software provides the user with complete control.\nThe F980\u00a0software is Windows 7, 8 and 10\u00a0compatible and is based on a data centred design that enables the user to focus on their measurement. This guarantees ease-of-use in the operation of a modular and potentially complex spectrometer.\n\nMeasurement set-up and data acquisition is made through an intuitive menu system. Key spectroscopic parameters are easily accessed through functional groupings, while common measurement routines can be saved as method files to allow previous experiments to be easily repeated. Tabbed dialogue boxes and particular scan parameters are always visible during set-up. The current status of the instrument is also continuously displayed.\nA unique feature of the F980 software is that all modes of data acquisition, including spectral scanning and lifetime acquisition in both MCS and TCSPC modes, are controlled from within one software package. Modern light sources, detectors, complex sample holders (plate reader, XY sample stages, titrator) and cooler options (thermostated sample holders and cryostats) are supported and fully software controlled.\nUpgrade to FAST (Fluorescence Analysis Software Technology) software for\u00a0the advanced\u00a0analysis of fluorescence and phosphorescence decay kinetics.\n\nMeasurement Examples (Steady State)\nExcitation and Emission Scans\nExcitation and emission spectra are standard measurements in fluorescence spectroscopy. The figure demonstrates a measurement of a well documented standard test solution of anthracene in degassed cyclohexane.\n\nSample: Anthracene in cyclohexane (10-5M). Measurement conditions: \u03bbex = 358 nm for emission scan, \u03bbem =\u00a0400 nm for corrected excitation scan, \u0394\u03bbex =\u00a0\u0394\u03bbem = 0.4 nm, step size = 1 nm, integration time = 1 s.\nSynchronous Scans\nIn synchronous scans, both excitation and emission monochromators are scanned synchronously with a pre-set offset. The figure demonstrates a sample of five different aromatic hydrocarbons dissolved in cyclohexane, measured with a conventional emission scan (red) and a synchronous scan with zero offset (green). The five hydrocarbons are resolved by the synchronous scan.\n\nSample: Five aromatic hydrocarbons dissolved in cyclohexane. Measurement conditions: \u03bbex =\u00a0280 nm for emission scan,\u00a0\u0394\u03bbex =\u00a0\u0394\u03bbem = 0.5 nm, step size = 0.5 nm, integration time = 1 s, offset = 0 nm.\nKinetic Scans\nKinetic scans reveal temporal changes of the sample fluorescence at fixed excitation and emission wavelengths. Luminescence emission in the milliseconds to seconds range, such as long phosphorescence, chemical reactions or chemical migration in cells, can be studied. As an example, using the FLS980 in T-geometry for dual wavelength detection, simultaneous measurements of the Ca2+ active fluorophore Indo-1 can be made with both emission arms set to different wavelengths.\n\nSample: Human platelets cells loaded with Indo-1 in 1 mM Ca2+. Measurement conditions: \u03bbex =\u00a0340 nm, \u03bbem1 =\u00a0485 nm, \u03bbem2 =\u00a0410 nm, \u0394\u03bbex =\u00a0\u0394\u03bbem =\u00a01 nm,\u00a0integration time = 0.5 s.\nExcitation \u2013 Emission Maps (EEM)\nThe variety of measurement, display and analysis options\u00a0allows easy and fast investigation of unknown luminescent samples or samples which contain different fluorophores. One method is to measure a series of emission scans within a selected range of excitation. The result is then demonstrated either in a 3D plot or in a contour plot.\n\nSample: Three organic dyes in solution: naphtalene, anthracene perylene. Measurement conditions: Xe1, R928P,\u00a0280 nm \u2264 \u03bbex \u2264 460 nm,\u00a0310 nm\u00a0\u2264 \u03bbem\u00a0\u2264 620 nm, \u0394\u03bbex =\u00a0\u0394\u03bbem =\u00a02 nm,\u00a0integration time = 0.5 s, repeats per scan = 1.\nTemperature Maps\nThe F980\u00a0software can communicate with Oxford Instruments Optistat DN (liquid nitrogen) and Optistat CF (liquid helium) cryostats (along with TE controlled sample holders). Temperature maps can be made by acquiring a series of emission, excitation or synchronous scans for a predefined temperature range. The individual measurements are automatically started when the target temperatures are reached.\n\nSample: CuInSe2 (a material used for photovoltaic cells). Measurement conditions: F980 controlled Optistat, Xe1, NIR-PMT, \u03bbex =\u00a0694 nm,\u00a0\u0394\u03bbex =\u00a010 nm, \u0394\u03bbem =\u00a05 nm,\u00a0step size = 1 nm, integration time = 0.2 s. Temperature range: 6 K \u2013 106 K, step 20 K.\nAbsolute Quantum Yield Measurements\nThe absolute method for fluorescence quantum yield measurements is becoming more widely used than the relative method, as it does not require a quantum yield standard. This\u00a0is readily applicable to liquids, films and powders and can be extended into the near infrared spectral range.\nThe picture shows the independence of the fluorescence quantum yield from the wavelength of excitation for a standard organic dye. The graph shows the area of absorption for eight different excitation wavelengths on the left, while on the right it shows the corresponding emission spectra, scaled by a factor of 5. The inset shows the calculated quantum yields.\n\nSample: Quinine bisulphate in perchloric acid. Measurement conditions: integrating sphere, \u0394\u03bbex =\u00a05.0 nm, \u0394\u03bbem =\u00a00.5 nm, integration time = 0.3 s.\nSinglet Oxygen Emission\nThe emission of singlet oxygen is known to be very weak and, historically, powerful laser excitation has been used to monitor this. However, both excitation and emission spectra of singlet oxygen can be measured using the FLS980 with a broadband xenon lamp. The figure demonstrates a measurement of singlet oxygen luminescence generated from hematoporphyrin in ethanol. In a mixture of photosensitizers, the excitation spectrum may be used to identify the singlet oxygen generator.\n\nSample: 10-5 M hematoporphyrin in ethanol. Measurement conditions:\u00a0\u03bbex =\u00a0380 nm for emission scan, \u03bbem =\u00a01270 nm for excitation scan, \u0394\u03bbex =\u00a0\u0394\u03bbem =\u00a02.0 nm, step size = 1.0 nm, integration time = 3.0 s.\nFluorescence Upconversion\nFluorescence upconversion materials absorb light in the near infrared spectral range\u00a0and produce emission of shorter wavelengths in the visible spectral range. These upconversion materials are currently the focus of research for their use in dye sensitized solar cells (DSSC). Efficient upconversion is important for the efficiency of solar panels in the near infrared part of the sun\u2019s spectrum.\nThe picture below shows the upconversion emission of an erbium-ytterbium doped TiO2 powder, for four different levels of excitation power at 980 nm. As shown in the insert, some of the upconversion lines scale close to linear with excitation power, whereas others scale approximately to the square of the excitation power.\n\nSamples: Er3+/Yb3+ doped TiO2. Measurement conditions: 1 W diode laser with power adjustment @ 980 nm, R928P,\u00a0\u0394\u03bbem =\u00a00.25 nm, integration time = 0.5 s.\nOther steady state measurement examples: Steady state fluorescence anisotropy, contour plots, water quality assessments, excimer equilibrium, reflection, absorption and quantum yield measurements of phosphor powders, chromaticity and much more.\nMeasurement Examples (Time-Resolved \u2013 TCSPC)\nSingle and Multiple Exponential Decays\nFluorescence lifetime is an excellent parameter for analysing the interaction of fluorophores with their micro-environment, such as solvents, neighbouring fluorophores or non-fluorescing molecules. These \u201cenvironmental\u201d effects will reduce the natural decay process (characterised by the natural lifetime), to shorter and often more complex decay kinetics.\nMost fluorescence decay kinetics are analysed by single or multiple exponential models. The user fits the raw data to a specific model. The quality of the fit will determine whether or not the selected model was appropriate, and \u2013 if it was \u2013 the result will provide the fit parameter such as lifetimes and pre-exponential factors.\nThe example shows two measurement results of the same homogeneous solution, taken at two different emission wavelengths. The decay at the shorter wavelength is clearly a single exponential, the decay at the longer wavelength is best characterised by three exponential components.\n\nSample: Hematoporphyrin IX in phosphate buffer (pH 7.2)\nMeasurement conditions: EPL 405, MCP-PMT, \u03bbex = 398 nm, \u0394\u03bbem =\u00a01.0 nm, rep rate = 1 MHz,\u00a0\u03bbem = 620 nm (left and right graph)\nData analysis: Multi-exponential reconvolution, confidence intervals verified by support plane analysis (FAST). \u03c41 = 15.02 \u00b1\u00a00.03 ns (left). \u03c42 = 14.80\u00a0\u00b1\u00a00.20 ns, \u03c42 = 4.62\u00a0\u00b1\u00a00.55 ns, \u03c43 = 0.81 \u00b1\u00a00.20 ns (right).\nTime-Resolved Fluorescence Anisotropy\nBy exciting the sample with vertically polarised light and recording the emission in both the vertical and horizontal plane, one can calculate the fluorescence anisotropy of a homogeneous sample. The fluorescence anisotropy reveals the average rotational diffusion time of the molecules.\nThe measurement example shows that rotational diffusion in the picosecond time scale can be accurately measured. Most samples show rotational diffusion. To avoid this effect when precise fluorescence lifetime measurements are required, the emission polariser must be set to magic angle conditions (and vertically polarised excitation used).\n\nSample: POPOP in cyclohexane (IRF, decays with parallel and crossed polariser \u2013 left plot), fluorescence anisotropy (raw data and fit \u2013 right plot).\u00a0Measurement conditions: EPL 375, MCP-PMT, \u03bbex =\u00a0375 nm, \u00a0\u0394\u03bbex =\u00a02.0 nm, \u03bbem =\u00a0390 nm, \u00a0\u0394\u03bbem =\u00a02.0 nm.\nData analysis: Full anisotropy reconvolution (FAST) with ellipsoidal\u00a0rotor model. The rotation diffusion times are 110 ps, 150 ps and 620 ps respectively. A spherical rotor model results in a fit with significantly increased chi-square. POPOP is a rod like molecule.\nOther TCSPC measurement examples: Time-resolved emission spectroscopy (TRES), monomer-excimer kinetics, solvent relaxation dynamics and much more.\nMeasurement Examples (Time-Resolved \u2013 MCS)\nTime-Resolved Measurements of Lanthanides\nThe photoluminescence emission lifetime of lanthanides extends over a large time range from nanoseconds to seconds where the method of choice for time-resolved measurements is the MCS technique. Due to the high dynamic range and the accuracy resulting from counting statistics, complex decay analysis can be performed.\nThe pictures show time resolved measurements from a lanthanide doped glass sample at two different emission wavelengths. At the shorter wavelength the decay is best fitted with a three exponential terms, while at the longer emission wavelength the initial rise is followed by a millisecond decay.\n\nSample: Rare-earthed doped glass\nMeasurement conditions: \u03bcF2, \u03bbex =\u00a0370 nm, \u00a0\u0394\u03bbex =\u00a0\u0394\u03bbem =\u00a02.5 nm, rep rate 100 Hz, step size = 10 nm, spectra produced for every 50 \u03bcs (Top Left). \u03bcF2, \u03bbex =\u00a0370 nm, \u00a0\u03bbem =\u00a0430 nm, \u0394\u03bbex =\u00a0\u0394\u03bbem =\u00a02.5 nm, rep rate 100 Hz, step size = 10 nm, measurement time = 2 min (Top Right).\u00a0\u03bcF2, \u03bbex =\u00a0370 nm, \u00a0\u03bbem =\u00a0612 nm, \u0394\u03bbex =\u00a0\u0394\u03bbem =\u00a01.7 nm, rep rate 20 Hz,\u00a0measurement time =\u00a08 min (Bottom Left).\nData Analysis: Multi-exponential reconvoltution. Good fit results were achieved with four exponential decay model (Top Right) and model comprising two exponential rise and one decay function (Bottom Left).\nOther MCS measurement examples: Time-resolved singlet oxygen measurements, time-resolved FRET measurements and much more.\n", "Software img": ["https://www.edinst.com/wp-content/uploads/2015/09/F980-Screen.jpg", "https://www.edinst.com/wp-content/uploads/2015/09/F980-Ex-Em-Scan.jpg", "https://www.edinst.com/wp-content/uploads/2015/09/F980-Sync-Scan.jpg", "https://www.edinst.com/wp-content/uploads/2015/09/F980-Kinetic-Scan-300x207.jpg", "https://www.edinst.com/wp-content/uploads/2015/09/EEM-300x255.jpg", "https://www.edinst.com/wp-content/uploads/2015/09/F980-Temp-Map.jpg", "https://www.edinst.com/wp-content/uploads/2015/09/F980-Abs-QY-e1442507585977.jpg", "https://www.edinst.com/wp-content/uploads/2015/09/F980-Singlet-O2.jpg", "https://www.edinst.com/wp-content/uploads/2015/09/F980-Upconversion.jpg", "https://www.edinst.com/wp-content/uploads/2015/09/F980-TCSPC-Expo-Decays-1.jpg", "https://www.edinst.com/wp-content/uploads/2015/09/F980-TCSPC-Expo-Decays-2.jpg", "https://www.edinst.com/wp-content/uploads/2015/09/F980-TCSPC-anisotropy.jpg", "https://www.edinst.com/wp-content/uploads/2015/09/F980-TCSPC-lanthanides-1.jpg", "https://www.edinst.com/wp-content/uploads/2015/09/F980-TCSPC-lanthanides-2.jpg", "https://www.edinst.com/wp-content/uploads/2015/09/F980-TCSPC-lanthanides-3.jpg"], "Software link": ["#", "/products/f980-software-photoluminescence-control-and-analysis/", "https://www.edinst.com/products/f980-software-photoluminescence-control-and-analysis/f980-screen/", "/products/fast-software-advanced-lifetime-analysis/", "https://www.edinst.com/products/fls-980-fluorescence-spectrometer/f980-ex-em-scan/", "https://www.edinst.com/products/fls-980-fluorescence-spectrometer/f980-sync-scan/", "https://www.edinst.com/wp-content/uploads/2015/09/EEM.jpg", "https://www.edinst.com/products/fls-980-fluorescence-spectrometer/f980-temp-map/", "https://www.edinst.com/products/fls-980-fluorescence-spectrometer/f980-abs-qy/", "https://www.edinst.com/products/fls-980-fluorescence-spectrometer/f980-singlet-o2/", "https://www.edinst.com/products/fls-980-fluorescence-spectrometer/f980-upconversion/", "https://www.edinst.com/products/fls-980-fluorescence-spectrometer/f980-tcspc-expo-decays-1/", "https://www.edinst.com/products/fls-980-fluorescence-spectrometer/f980-tcspc-expo-decays-2/", "/products/fast-software-advanced-lifetime-analysis/", "https://www.edinst.com/products/fls-980-fluorescence-spectrometer/f980-tcspc-anisotropy/", "/products/fast-software-advanced-lifetime-analysis/", "/techniques/phosphorescence-lifetime/", "https://www.edinst.com/products/fls-980-fluorescence-spectrometer/f980-tcspc-lanthanides-1/", "https://www.edinst.com/products/fls-980-fluorescence-spectrometer/f980-tcspc-lanthanides-2/", "https://www.edinst.com/products/fls-980-fluorescence-spectrometer/f980-tcspc-lanthanides-3/"], "Upgrades": "\n\n\t\t\t\tConfiguration Upgrades\t\t\t\n\nDouble Monochromators\nOur systems can be equipped with double monochromators on\u00a0excitation and emission arms. Double monochromators are recommended for highly scattering, low emissive samples as they improve the systems stray light suppression and increase the signal-to-noise ratio.\u00a0A double monochromator in the emission arm allows for up to three detectors mounted simultaneously with software-based selection; two detectors can be fitted after the double monochromator and one after the first of the two monochromators.\n\nGeometries\nIf further detectors are required, the system can be configured in a T-geometry (pictured above) by the addition of a seperate emission monochromator. This configuration can also be useful to provide a digital detection arm and an analogue detection arm.\n\n\n\n\t\t\t\tLight Source Upgrades\t\t\t\n\nXenon Lamps\n450 W continuous wavelength lamps for steady state measurements. The\u00a0excitation range is typically 230 nm to >1700 nm. Ozone generating lamps may be used to increase the lower range to 180 nm.\nMicrosecond Flash Lamp\n\u03bcF1 and \u03bcF2: 5 W or 60 W pulsed xenon microsecond flashlamps producing short microsecond pulses for phosphorescence decay measurements. The excitation range is typically 230 nm to 1000 nm.\nUltrafast Nanosecond Flash Lamp\nnF980: ultrafast nanosecond flashlamp for time-resolved fluorescence studies with decays of 100 ps \u2013 50 us. The excitation range is gas depedent.\nPicosecond Pulsed Diode Lasers and LEDs\nWe manufacture a range of picosecond pulsed laser diodes (EPL Series) and pulsed LEDs (EPLED Series)\u00a0for Time Correlated Single Photon Counting (TCSPC) measurements. Diodes are available over the UV-VIS spectrum starting at 250 nm and are pre-set with a range of repetition frequencies. The driver electronics are built into the light sources, eliminating the need for additional driver boxes and feature true \u201cplug-and-play\u201d usability.\nContinuous Wave (CW) Lasers\nVarious continuous wave lasers for use with the FLS920, FLS980\u00a0and FS5 are available. Some CW laser sources may also be pulsed by the spectrometer to allow, for example, upconversion decays with 808 nm and 980 nm excitation to be measured.\n\n\n\n\t\t\t\tMonochromator Options\t\t\t\n\nDiffraction Gratings\nThe monochromators have triple grating turrets allowing up to three diffraction gratings to be permanently mounted within the monochromator. Standard gratings are generally chosen to cover the wavelength range of the detector. However, should you have more stringent requirements, such as requiring finer linear dispersion or an extended wavelength range, other diffraction gratings are available.\nWe can offer diffraction gratings with a groove density of 150 g/mm up to >1800 g/mm which allows us to cover the range 200 nm \u2013 8000 nm.\n\n\n\n\t\t\t\tDetector Options\t\t\t\n\nPhotomultiplier Tubes (PMTs)\nSingle photon counting detectors comprise a single photon counting photomultiplier, together with an optimised dynode chain, mounted in a light tight cooled or un-cooled housing. The detectors include the coupling flange with the adaptive optics for direct compatibility with all of Edinburgh Instruments\u2019 spectrometers.\nThe following PMTs are available: Standard PMTs up to 1010 nm, High speed PMTs up to 850 nm, MCP-PMT up to 850 nm, NIR-PMTs up to 1700 nm and\u00a0gated PMTs.\nAnalogue Detectors\nAnalogue detectors are used either for high light level applications with the requirement for high dynamic range, or as alternative detectors in spectral ranges where photomultipliers are unavailable or too expensive. Depending on the required application, the analogue detectors come in a variety of housings with a variety of cooling options. Analogue detectors find application either in the FLS or the LP spectrometers\u00a0to extend the spectral coverage into the NIR to 5.5 \u00b5m.\nWe offer detector assemblies that are supplied with PIN diodes with an active area of 3 mm. For steady state fluorescence\u00a0applications the diode is mounted in a two stage TE cooled housing with collection/focusing optics chopper and lock-in. For time-resolved fluorescence or time-resolved phosphorescence\u00a0applications, the diode is supplied in a two stage TE-cooled housing and with a digitising oscilloscope for data collection and averaging. The spectrometer\u2019s software automatically downloads the data to allow automated measurements such as TRES and for further analysis and fitting.\n\n\n\n\t\t\t\tFluorescence Lifetime Upgrades\t\t\t\n\nTCSPC Electronics\nThe TCC2 is an electronics module with USB interface, which incorporates all the electronic modules required for Time-Correlated Single Photon Counting (TCSPC) and Multi-Channel Scaling (MCS). This includes constant fraction discriminators, variable delays, time to amplitude converter and a large memory for multi-channel analysis.\n\u2013 TSCPC time range: 2.5 ns \u2013 50 ms full scale,\u00a0MCS time range: 10 ms \u2013 200 s full scale\n\u2013 Time resolution from 305 fs/channel with\u00a0ultra-low time jitter of 20 ps\nFor full technical specifications please contact us\n\n\n\n\t\t\t\tPhosphorescence Lifetime Upgrades\t\t\t\n\nMCS\u00a0Electronics\nThe CB1 multichannel scaler.\n\u2013 100 MHz counter for spectral measurements (up to 3 channels)\n\u2013 10 ns minimum bin width in time-resolved measurements\n\u2013 variable threshold settings\nFor full technical specifications please contact us\n\n\n\n\t\t\t\tSample Holder Options\t\t\t\n\nLiquids\nSingle Cuvette Holder:\u00a0Temperature adjustable by water/coolant circulation, fitted with integrated probe for sample temperature monitoring by spectrometer operating software. Filter slots provided for holding 50 mm square filters. This sample holder is included as part of the standard system.\nMagnetic Stirrer: Magnetic Stirrer to be fitted to single cuvette holder or 3-position sample turret. The stirrer comprises three stirrer bars and a stand-alone stirrer controller.\nPowders, Thin-Films and Solids\nFront-Face Sample Holders: A range of single position front-face sample holders are available for powders, thin-films and solids. These include linear staged holders, rotational\u00a0holders and clamps. Please contact us for more information.\nMultiple Position Holders\n3-Position Sample Turret: Computer-controlled 3-Position Cuvette Holder on rotational stage. All three positions temperature adjustable by water/coolant circulation, with an integrated temperature probe for sample temperature monitoring by spectrometer operating software.\n\n\n\n\t\t\t\tTemperature Control Options\t\t\t\n\nBath/Refrigerator (-10\u00b0C \u2013 +100\u00b0C): Closed cycle water/coolant bath to be used with water-cooled sample holders. The temperature range is -10\u00b0C to +100\u00b0C. The unit comprises digital display of set and measured temperature. The temperature range at the sample position can be reduced depending on the length and the insulation of the coolant pipes used.\nEPR Dewar (77 K): Liquid nitrogen dewar (quartz) in mounting collar for FLS980 sample chamber with light tight seal, directly compatible to the sample chamber access flange. The dewar housing has a removable lid and built-in filter holders. Two individual EPR quartz sample rods supplied. Sample rod, containing the sample, will be immersed into the liquid nitrogen bath thus cooling the sample to 77K.\nLiquid Nitrogen Cryostat (77 K \u2013 300 K): Oxford Instruments liquid nitrogen cryostat, OptistatDN. The assembly comprises the cryostat head, the temperature controller, and a mounting flange and pedestal, directly compatible to the FLS980 sample holder socket. Includes heater and sensor, cuvette holder, optical sample holder and sample rod. Spectrosil B quartz windows in L-geometry are used. Cryostat can be fully controlled by computer and F980 software.\nNote: Special cryostat versions with windows arranged in T- or X-geometry are available on request.\nLiquid Helium Cryostat (3.4 K \u2013 300 K): Oxford Instruments liquid helium cryostat, OptistatCF. The assembly comprises the cryostat head, the temperature controller, transfer tube and SV12 adaptor, VC31 gas flow controller, GF4 pump, and a mounting flange and pedestal that is directly compatible to the FLS980 holder socket. Includes heater and sensor, cuvette holder, optical sample holder and sample rod. Spectrosil B quartz windows in L-geometry are used. Cryostat can be fully controlled by computer and F980 software.\nNote: Special cryostat versions with windows arranged in T or X-geometry are available on request.\nLiquid Helium Cryostat Extended Temperature Range (3.4 K \u2013 500 K): Oxford Instruments extended temperature range liquid helium cryostat, OptistatCF. The assembly comprises the cryostat head, the ITC503 temperature controller, the LLT600 transfer tube and SV12 adaptor, VC31 gas flow controller, GF4 pump, and a mounting flange and pedestal that is directly compatible to the FLS980 holder socket. All other inclusions as the standard liquid helium cryostat.\nNote: Special cryostat versions with windows arranged in T or X-geometry are available on request.\nClosed Cycle Cryostat Options: (4 K \u2013 300 K, 10 K \u2013 325 K, 6 K \u2013 800 K): Includes helium compressor and hoses, sample exchange time is approximately 2 hours. 1st and 2nd stage cooling down to 10 K.\u00a0Mounting flange and pedestal that is directly compatible to the FLS980 holder socket are included.\nTE Cooled Sample Holder Standard Range (-10\u00b0C \u2013 +105\u00b0C): Thermoelectrically cooled 4-window cuvette holder with controller that enables stable temperature control of samples from -10\u00b0C to +105\u00b0C (-10\u00b0C with dry gas flow, 5\u00b0C without gas flow). The temperature can be held constant with \u00b10.02\u00b0C precision and can be rapidly changed. A magnetic stirrer (without stirrer bars) is included. The TE cooled sample holder is fully controlled by the spectrometer operating software F980.\nTE Cooled Sample Holder Extended Range (-40\u00b0C \u2013 +150\u00b0C): Extended range thermoelectrically cooled 4-window cuvette holder with controller that enables stable temperature control of samples from -40 \u00b0C to +150 \u00b0C (-10 \u00b0C with dry gas flow, 5 \u00b0C without gas flow). The temperature can be held constant with \u00b10.02\u00b0C precision and can be rapidly changed. The temperature range can be extended below -10\u00b0C and above +150\u00b0C with a special cover in place and for temperatures below -10\u00b0C chilled coolant fluid will be required. A magnetic stirrer (without stirrer bars) is included. The TE cooled sample holder is fully controlled by the spectrometer operating software F980.\n\n\n\n\t\t\t\tPolarisation / Anisotropy\t\t\t\n\nStandard Range (220 nm \u2013 900 nm): Glan Thompson polarising prism.\u00a0Spectral range 220 nm \u2013 900 nm.\u00a0The polariser can be manually moved into or out of the beam. The position is recognised by the computer. When in the beam, the polarisation angle is fully computer controlled. Automated anisotropy measurements are possible if both excitation and emission polarisers are present.\nExtended Range (240 nm \u2013 2300 nm): Glan Thompson polarising prism.\u00a0Spectral range 240 nm \u2013 2300 nm. The polariser can be manually moved into or out of the beam. The position is recognised by the computer. When in the beam, the polarisation angle is fully computer controlled. Automated anisotropy measurements are possible if both excitation and emission polarisers are present.\n\n\n\n\t\t\t\tIntegrating Sphere\t\t\t\n\nThe integrating sphere is a demountable accessory for the measurement of fluorescence quantum yields. It is 120 mm in diameter and has an inner surface coated with BenFlect to enable efficient scattering of light over a wide wavelength range. With the integrating sphere, the measurement of fluorescence quantum yields by an absolute method, as well as reflection measurements, are possible on solutions, film and powder samples. Holders for both direct and indirect excitation is provided. Two cuvettes and two powder trays are supplied as part of the sphere accessory.\n\n\n\n\n\t\t\t\tSoftware Upgrade\t\t\t\n\nThe standard F980 software package can be upgraded to include the FAST software package. This is used for advanced fluorescence lifetime analysis and includes features such as lifetime distribution analysis and exponential components analysis. Please click on the link\u00a0to learn more about FAST software or contact us directly.\n\n\n\n\t\t\t\tMicroscope Attachment\t\t\t\n\nFor Wide-field and Single Point\u00a0Measurements\nThe Edinburgh Instruments microscope attachment, when supplied with an\u00a0FLS spectrometer, enables you to record and measure wide-field fluorescence, as well as to measure a specific point on your sample. Its allows you to finely tune both the excitation light (illumination) and the detected emission, giving you the flexibility to fully tailor your experiment to your sample.\nThe microscope can be supplied as either an upright and inverted microscopes. Imaging cameras are available spanning the spectrum from the visible to the near-infrared, up to 1700 nm. Excitation can be provided by halogen lamps (wide field excitation), picosecond pulsed diode lasers (EPL Series)\u00a0and pulsed LEDs (EPLED Series), supercontinuum sources and Nd:YAG lasers (lasers and semiconductor sources provide point source illumination). Steady state emission spectra and fluorescence lifetime measurements can be obtained from specific spots on your sample, when using appropriate lasers. Lasers can achieve a spot size of ~1 \u03bcm (objective dependent).\nThe microscope control and data analysis are all carried out using a single software package. The spot measurements are intuitively displayed showing the automatic point-source \u201cgrid-like\u201d measurement.\nAdditional Options: XYZ Motorised stage with joystick, advanced software, warm plate with stage at 37\u00b0C, microstats for liquid N2/He temperature, up to six objectives, range of fibre bundles and liquid light guides, NIR transmission objectives, reflective objectives, NIR Imaging Cameras up to 1700 nm.\n\n\n\n\n\t\t\t\tOther Upgrades\t\t\t\n\nMultiwell Plate Reader\nThe multiwell plate reader is an external module that is attached to the FLS920 to perform spectral or time-resolved measurements on multi-well plates. The multiwell plate reader module is coupled to the FLS920 by means of a bifurcated optical fibre. The control of the module is fully automated from the F980 software, temperature near the well plate is recorded. Spectral range depends on spectrometer configuration and bifurcated fibre assembly. 96 well and 384 wells are available.\n\nTitration Module\nThe titration accessory is based on a dual syringe Hamilton titrator (ML635) that is connected to the computer by RS232. The accessory comprise of two 1 ml syringes, connecting tubing, a flow cuvette and a light tight feed-through into the FLS920 sample chamber. Titration is controlled through the F980 software. Kinetic measurements with manual or automated titration steps and automated multiple spectral scanning are possible.\nStopped-Flow Accessory\nRapid kinetic accessory for multi-mixing capabilities. Comprises sample handling unit, fitted with three 1 ml drive syringes, 600 mm long umbilical, pneumatic drive system and square mixing/observation cuvette with standard dimensions (10 mm). Includes slotted sample chamber lid to allow the cuvette to be fitted to the spectrometer. Manual control.\n\n\n\n", "Upgrades img": ["https://www.edinst.com/wp-content/uploads/2015/04/application.jpg", "https://www.edinst.com/wp-content/uploads/2015/09/Integrating-sphere-300x230.jpg", "https://www.edinst.com/wp-content/uploads/2015/09/Microscope-attachment-lower-res-300x200.jpg", "https://www.edinst.com/wp-content/uploads/2015/09/plate-reader-300x200.jpg"], "Upgrades link": ["#", "https://www.edinst.com/wp-content/uploads/2015/04/application.jpg", "/techniques/time-resolved-fluorescence/", "/products/epl-laser-diodes-2/", "/products/picosecond-pulsed-led/", "/techniques/steady-state-fluorescence/", "/techniques/time-resolved-fluorescence/", "/techniques/phosphorescence-lifetime/", "/contact-us/", "/contact-us/", "https://www.edinst.com/contact-us/", "/products/f980-software-photoluminescence-control-and-analysis/", "/products/f980-software-photoluminescence-control-and-analysis/", "/products/f980-software-photoluminescence-control-and-analysis/", "/products/f980-software-photoluminescence-control-and-analysis/", "#", "/products/f980-software-photoluminescence-control-and-analysis/", "/products/fast-software-advanced-lifetime-analysis/", "/contact-us/", "#", "/products/f980-software-photoluminescence-control-and-analysis/", "#", "/products/f980-software-photoluminescence-control-and-analysis/"], "Downloads": "Download the FLS980 Fluorescence Spectrometer DatasheetDownload the FLS980 Fluorescence Spectrometer BrochureDownload the TCC2 Lifetime Electronics Module DatasheetUser Guide for the FLS980 Integrating Sphere", "Downloads img": [], "Downloads link": ["#", "https://www.edinst.com/wp-content/uploads/2015/04/FLS980-Series-Datasheet.pdf", "https://www.edinst.com/wp-content/uploads/2015/04/FLS980-Spectrometer.pdf", "https://www.edinst.com/wp-content/uploads/2015/04/TCC2_Specifications.pdf", "https://www.edinst.com/wp-content/uploads/2016/02/FLS980-Series-Reference-Guide-Integrating-Sphere.pdf"]}