{"Page Title": "UV-VIS-NIR Combo - Low Power", "Introduction": "\nA miniature Deuterium and halogen light source that covers the 200-1700nm range\nPerfect match for\u00a0the Black Comet UV-VIS spectrometer\nThe SL5-DH lamp connects via fiber optic cable to cuvette holders, dip probes, and flow cells,\u00a0with the return signal routed to the spectrometer SMA 905 input connector\nThe deuterium and halogen lamps can be individually turned on/off and have a front and rear \u00a0panel shutter control\nGreat for applications that only require low output power like absorbance and transmission measurements\n\n", "Downloads": "Deuterium / Halogen Combination - Low Power Specification", "Downloads img": [], "Downloads link": ["#", "https://www.edinst.com/wp-content/uploads/2015/09/SL5-DeuteriumHalogen-light.pdf"]}