{"Page Title": "Green Wave - Low Cost UV/VIS", "Introduction": "\nMeasurements in the 350-1150nm wavelength regions\nLowest cost model\nGreat for teaching and educational labs\nSignal: noise = 400:1\nUSB-1 Plug & play with Windows XP/Vista/7/8\n245 mm x 762 mm x 1270 mm enclosure allows for extreme portability\n\n", "Product Description": "The Green Wave low cost Spectrometers are fiber optic coupled instruments with a wide selection of models for \u00a0measurements in 350-1150nm wavelength ranges.\nEach unit contains a USB-2 interface with a snap shot memory to provide instantaneous spectral image from the highly sensitive CCD for 2048 elements.\nVarious models provide a choice of grating range and slit resolutions.\nA single strand fiber optic cable or probe assembly delivers input via standard SMA 905 fiber optic connector with a choice of cable lengths.\nThe spectrograph optics are exceptionally robust in a vibration tolerant modular design, with no moving parts.\n", "Product Description img": [], "Product Description link": ["#"], "Downloads": "Green Wave Full Specification", "Downloads img": [], "Downloads link": ["#", "https://www.edinst.com/wp-content/uploads/2015/09/StellarNet-GREEN-Wave-SPEC.pdf"]}