{"Page Title": "IR5 FTIR Spectrometer", "Introduction": "\nOutstanding Performance\u00a0\u2013 High sensitivity and spectral resolution\nPhotoluminescence Upgrade \u2013 Fourier Transform PL upgrade with a choice of laser source\nConfigurable \u2013 Option for a second detector enhancing sensitivity at selected spectral ranges\nUser-friendly\u00a0\u2013 Simple to operate and suitable for all user levels, from beginner to advanced\nMaintenance Free\u00a0\u2013 No maintenance required with moisture control technology\nMiracle\u2122 Software \u2013 Powerful and intuitive software designed specifically for the IR5\n\n", "Product Description": "The IR5 is a high-performance benchtop Fourier Transform Infrared (FTIR) spectrometer from Edinburgh Instruments.\nThe IR5 is the perfect choice for analytical and research applications such as polymer, semiconductor, and pharmaceutical samples, offering simple operation as well as fast and accurate results. IR absorption, transmission, reflectance, and infrared photoluminescence can all be measured in the IR5 using only one software package, Miracle\u2122.\n\nFor pricing and further information of the IR5 FTIR spectrometer, simply contact a member of our sales team at\u00a0sales@edinst.com.\n", "Product Description img": [], "Product Description link": ["#", "mailto:sales@edinst.com"], "Technical Specifications": [["Specifications", "", ""], [[], ["Standard Configuration", "Spectral Range", "8000 \u2013 350 cm-\u00b9"], ["", "Sensitivity", "SNR \u2265 20,000:1"], ["", "Resolution", "0.5 cm-\u00b9, 1 cm-\u00b9, 2 cm-\u00b9, 4 cm-\u00b9, 8 cm-\u00b9, 16 cm-\u00b9, 32 cm-\u00b9"], ["", "Accuracy", "0.5 cm-\u00b9"], ["", "Source", "High-intensity ceramic source"], ["", "Detector", "DLaTGS"], ["", "Beamsplitter", "Germanium coated KBr"], ["", "Hygroscopic Integrity", "Integrated desiccants, electronic dry-membrane, embedded LCD and software hygrometers for maintenance-free operation"], ["", "Windows", "KBr window exchangeable by user"], ["", "Operating Voltage", "Universal mains input 100-240 VAC, 47-63 Hz"], ["Detector Upgrade", "Second Detector", "Additional detector fitted to the instrument optimising its spectral range\nDetector options include InSb, InGaAs, and MCT"], ["PL Upgrade", "Fourier Transform Photoluminescence Capability", "External PL excitation laser mount, laser is freely exchangeable\nDedicated PL sample holder for maximum signal-to-noise ratio\nIntuitive photoluminescence acquisition wizard in software"], ["Sample Accessories", "Transmission Sample Holder", "Compatible with films and cuvettes"], ["", "Attenuated Total Reflectance (ATR)", "Basic and advanced ATR models available with a choice of crystal (diamond, Ge, ZnSe)"], ["", "Photoluminescence Sample Holder", "Suitable for solid samples, powders, and liquids"], ["", "Others", "Diffuse reflectance, custom and third-party accessories available"], ["Software", "Miracle", "Powerful and intuitive software for data acquisition, analysis and presentation, full\ncontrol of all interferometer, amplifier, temperature and humidity monitoring"], ["", "Measurement Types", "Transmission, Absorption, Reflection, Kubelka-Munk, FT-PL"], ["", "Acquisition Modes", "Live signal monitoring, single scan (including user-defined methods), kinetic series"], ["Dimensions", "W x D x H", "660 mm x 540 mm x 300 mm"], ["", "Weight", "37 kg"]], ""], "Technical Specifications img": [], "Technical Specifications link": ["#"], "Software": "MIRACLE\u2122 SOFTWARE\nThe Miracle software package is designed specifically for the IR5 FTIR spectrometer with a focus on ease of use and smooth workflow. Miracle controls every aspect of your experiment, from instrument setup to data acquisition, analysis and reporting, ensuring intuitive operation at every step.\n\nThe Miracle package offers two user levels making it suitable to a wide range of applications. Standard user mode is optimal for analysis and teaching labs where routine experiments are carried out. Advanced user mode unlocks instrument configuration options and complex analysis functions, suitable for R&D and the most demanding applications.\nData analysis in Miracle is highly flexible: it is possible to undo or rearrange processing steps, so you can access the raw data and fine-tune your analysis. The software allows you to reapply apodization with a different function, for better comparison with other spectra.\n\nMiracle Key Features\n\nSelection of spectral resolution and wavenumber range\nLive signal monitoring, single scan, kinetic series\nPre-programmed methods for repeating routine analysis\nAdvanced user mode for complex applications\nInstrument validation wizards\nUser calibration\nData operations including choice of apodization, baseline subtraction, arithmetical operations, cropping, smoothing, interpolation, etc.\nComprehensive peak analysis wizard with a range of peak parameters and fitting algorithms\nPhotoluminescence measurement wizard included with FT-PL upgrade\nUser-configurable layout and data presentation\nExport data into CSV, TXT\nFile format compatible with FTIR databases\n\n", "Software img": ["https://www.edinst.com/wp-content/uploads/2023/01/MIR_ACQUISITION-1024x576.jpg", "https://www.edinst.com/wp-content/uploads/2023/01/MIR_BAND_ANALYSIS-e1677668373259-1024x548.jpg"], "Software link": ["#"], "Upgrades": "\n\n\t\t\t\tSample Holders\t\t\t\n\nStandard Sample Holder\nTransmission sample holder for 50mm x 50mm filters and slides included with every IR5.\nThis holder also serves as a mount for a variety of vertical liquid and film holders and may also be used to support gas cells.\n\nATR Sampling Accessories\nA variety of ATR options are offered for powder, liquid, film and bulk samples.\nSingle and multiple reflection ATR crystals are available such as diamond, germanium and ZnSe, as well as sandwich materials including ZnSe/diamond.\n\n\u00a0\nPL Sample Holder\nA sample holder accessory is available for photoluminescence measurements using laser excitation.\nThe PL sample holder is placed in the sample position of the IR5 spectrometer. The laser used for excitation of the sample is mounted on the side of the IR5.\n\nLiquid Sample Holder\nAccessory for routine measurement of liquids which accommodates horizontal liquid holders with a variety of optical path lengths.\n\nTemperature Controlled ATR\nTemperature-dependent FTIR measurements on films, liquids, powders and bulk samples can be performed using temperature-controlled ATR accessories, from room temperature up to >100oC\n\n\n\n\n\u00a0\n", "Upgrades img": ["https://www.edinst.com/wp-content/uploads/2023/01/Standard-Sample-Holder.png", "https://www.edinst.com/wp-content/uploads/2023/01/SIngle-Reflection-ATR.png", "https://www.edinst.com/wp-content/uploads/2023/01/micro-PL-update.png", "https://www.edinst.com/wp-content/uploads/2023/01/Liquid-Sample-Holder.png", "https://www.edinst.com/wp-content/uploads/2023/01/Temperature-Controled-ATR.png"], "Upgrades link": ["#"], "Application Notes": "Read our latest FTIR Application Notes:\nFourier Transform Photoluminescence in a Benchtop FTIR Spectrometer\nATR-FTIR of Blood Serum Using a Heated ATR Accessory\nYou can find all of our Application Notes\u00a0here.\n", "Application Notes img": [], "Application Notes link": ["#", "https://www.edinst.com/fourier-transform-photoluminescence-in-a-benchtop-ftir-spectrometer/", "https://www.edinst.com/atr-ftir-of-blood-serum-using-a-heated-atr-accessory/", "https://www.edinst.com/library-categories/application-notes/"], "Downloads": "IR5 BrochureAbsorption Product Overview", "Downloads img": [], "Downloads link": ["#", "https://www.edinst.com/wp-content/uploads/2023/01/EI_IR5-Brochure_8pp_STG11.pdf", "https://www.edinst.com/wp-content/uploads/2023/04/WEB-Absorption-Product-Overview_FINAL.pdf"]}