{"Page Title": "Mini-tau Lifetime Spectrometer", "Introduction": "\nUltra compact\u00a0filter-based fluorescence lifetime spectrometer\nShort Lifetimes ranging from 25 ps to 10 \u03bcs\nMCS Option for lifetimes from 10 ns to 10 s\nIntegrated electronics with repetition rates up to 100 MHz\nUltra-fast blue or red sensitive single photon counting PMT for ultimate sensitivity\nFully\u00a0comprehensive data acquisition and analysis\n\n", "Product Description": "The Mini-tau is an ultra-compact, low cost, filter-based dedicated fluorescence lifetime spectrometer. Using the Time-Correlated Single Photon Counting (TCSPC) technique, the Mini-tau can measure fluorescence lifetimes ranging from 25 ps to 10 \u03bcs*. It can also be equipped with Multi-Channel Scaling (MCS) electronics for long-range photoluminescence from 10 ns to 10 s.\nWhether you need to measure fluorescence lifetimes of time-resolved fluorescence anisotropy for research, quality assurance or teaching applications, the Mini-tau is the ideal all-inclusive, fully-integrated solution. The Mini-tau measures fluorescence lifetimes after numerical reconvolution based on the established Marquardt-Levenberg algorithm.\nThe Fluoracle Software supplied with the Mini-tau has an easy-to-use interface and allows users to comprehensively record data and accurately analyse complex decay kinetics of up to 4 lifetimes.\n*Minimal lifetime resolution is laser dependent.\nFor more information, or to enquire, please contact a member of our sales team at sales@edinst.com.\n", "Product Description img": [], "Product Description link": ["#", "https://www.edinst.com/products/fluoracle-software-photoluminescence-control-and-analysis/", "mailto:sales@edinst.com"], "Technical Specifications": [["", "Specification"], [[], ["Mode of operation", "Time-Correlated Single Photon Counting (TCSPC), Multi-Channel Scaling (MCS)"], ["Lifetime range", "Approx. 25 ps \u2013 10 \u00b5s (TCSPC), 10 ns \u2013 10 s (MCS)"], ["Instrumental pulse width", "250 ps (in standard configuration with diode laser excitation)"], ["Excitation wavelengths", "All picosecond pulsed diode lasers (EPL Series, HPL Series) and pulsed LEDs (EPLED Series) can be used in TCSPC (375 nm through to 980 nm). The above picosecond sources as well as variable pulse width sources (VPL Series, VPLED Series) can be used in MCS mode."], ["Attenuation", "4 orders of magnitude, linear"], ["Filter Wheel", "Comes as standard to accept 50 mm x 50 mm filters. Filter wheel with 5 bandpass filters of approx. 50nm width centred at 450nm, 500nm, 550nm, 600nm, and 650nm; one position without filter."], ["Detector", "Red-sensitive, high speed PMT detector. Hamamatsu H10720-01 detector with amplifier, interlock and overload protection in fan assisted TE cooled housing. Operating temperature 0\u00b0C. Spectral range: 230 nm \u2013 850 nm, detector response width: 250 ps, dark count rate: 150 cps at 0\u00b0C"], ["Data acquisition", "TCC2 electronics module: up to 8192 channels per curve, forward or reverse mode, minimum channel resolution 305 fs, 20 ps time jitter, TAC ranges from 2.5 ns to 50 \u00b5s in TCSPC mode. Up to 8000 channels per curve, 10 ns resolution and up to 10 MHz repetition rate in MCS mode."], ["Data analysis", "Marquardt-Levenberg algorithm \u2013 up to 4 lifetimes \u2013 anisotropy calculation"], ["Dimensions", "265 mm (l) x 195 mm (d) x 125 mm (h) (excluding laser, detector, lid)"], ["Weight", "5 kg (excluding laser, detector)"]], ""], "Technical Specifications img": [], "Technical Specifications link": ["#", "https://www.edinst.com/techniques/time-resolved-fluorescence/", "https://www.edinst.com/techniques/phosphorescence-lifetime/", "https://www.edinst.com/products/epl-laser-diodes-2/", "https://www.edinst.com/products/pulse-diode-laser-hpl-series/", "https://www.edinst.com/products/picosecond-pulsed-led/", "https://www.edinst.com/products/pulse-diode-laser-vpl-series/", "https://www.edinst.com/products/pulse-diode-lasers-vpled-series/"], "Software": "Fluoracle spectrometer operating software is at the heart of all our fluorescence spectrometers and is a fully comprehensive, user-friendly data analysis software package. Irrespective of system configurations, this software provides the user with complete control of the instrument and of most third-party accessories.\nFluoracle is Windows compatible and is based on a data centred design that enables the user to focus on their measurement. This guarantees ease-of-use in the operation of a modular and potentially complex spectrometer.\nMeasurement set-up and data acquisition is made through an intuitive menu system. Key spectroscopic parameters are easily accessed through functional groupings, while common measurement routines can be saved as method files to allow previous experiments to be easily repeated. Tabbed dialogue boxes and particular scan parameters are always visible during set-up. The current status of the instrument is also continuously displayed.\nFluoracle offers the FAST add on for\u00a0the advanced\u00a0analysis of fluorescence and phosphorescence decay kinetics.\n", "Software img": [], "Software link": ["#", "https://www.edinst.com/products/fluoracle-software-photoluminescence-control-and-analysis/", "https://www.edinst.com/products/fluoracle-software-photoluminescence-control-and-analysis/", "https://www.edinst.com/products/fluoracle-software-photoluminescence-control-and-analysis/"], "Upgrades": "\n\n\t\t\t\tLasers & LEDs Upgrades\t\t\t\n\nExcitation Sources\nPicosecond Pulsed Diode Lasers and LEDs: We manufacture a range of picosecond pulsed laser diodes (EPL Series, HPL Series)\u00a0and LEDs (EPLED Series)\u00a0for Time-Correlated Single Photon Counting (TCSPC) measurements, as well as variable pulse width sources (VPL, VPLED Series) designed for MCS operation. Diodes are available over the UV-VIS spectrum starting at 250 nm and are pre-set with a range of repetition frequencies. The driver electronics are built into the light sources, making them easier to share between colleagues.\n\n\n\n\t\t\t\tSample Holder Options\t\t\t\n\nLiquids\nSingle Cuvette Holder:\u00a0Temperature adjustable by water/coolant circulation, fitted with integrated probe for sample temperature monitoring by spectrometer operating software. Filter slots provided for holding 50 mm square filters. This sample holder is included as part of the standard system.\nPowders, Thin-Films and Solids\nFront-Face Sample Holder: Single position front-face sample holder. This sample holder is suitable for measuring front-face emission on cuvettes. Two additional inserts are supplied. Insert for holding films/slides, and insert comprising demountable cuvette.\n\n\n\n\t\t\t\tPolarisation/Anisotropy\t\t\t\n\nStandard Range (220 nm \u2013 900 nm): Glan Thompson polarising prism.\u00a0Spectral range 220 nm \u2013 900 nm.\u00a0The polariser can be manually moved into or out of the beam. The position is recognised by the computer. When in the beam, the polarisation angle is fully computer controlled.\u00a0Anisotropy measurements are possible if both excitation and emission polarisers are present.\n\n\n\n\t\t\t\tSoftware Upgrade\t\t\t\n\nThe standard\u00a0Fluoracle software\u00a0package can be upgraded to include the\u00a0FAST software\u00a0package. This is used for advanced fluorescence lifetime analysis and includes features such as lifetime distribution analysis and exponential components analysis. Please click on the link\u00a0to learn more about FAST software or\u00a0contact us\u00a0directly.\n\n\n\n", "Upgrades img": [], "Upgrades link": ["#", "/products/epl-laser-diodes-2/", "https://www.edinst.com/products/pulse-diode-laser-hpl-series/", "/products/picosecond-pulsed-led/", "/techniques/time-resolved-fluorescence/", "https://www.edinst.com/products/pulse-diode-laser-vpl-series/", "https://www.edinst.com/products/pulse-diode-lasers-vpled-series/", "https://www.edinst.com/products/fluoracle-software-photoluminescence-control-and-analysis/", "https://www.edinst.com/products/fast-software-advanced-lifetime-analysis/", "https://www.edinst.com/contact-us/"], "Downloads": "Mini-tau Fluorescence Lifetime Spectrometer DatasheetTCC2 Lifetime Electronics Module Datasheet", "Downloads img": [], "Downloads link": ["#", "https://www.edinst.com/wp-content/uploads/2015/07/Mini-Tau-Flyer-update-08052022.pdf", "https://www.edinst.com/wp-content/uploads/2017/04/TCC2-Specifications-Data-Sheet.pdf"]}