{"Page Title": "295 - Single Cavity FIR Laser", "Introduction": "The\u00a0295-FIR is a stand-alone far-infrared (FIR) laser designed for operation\u00a0with high power CO2 lasers (namely, the PL5 or the PL6).\nThe 295-FIR guarantees typical powers of 150 mW\u00a0when pumped by the PL5, and 500 mW when pumped by\u00a0the PL6,\u00a0available at 118.8 \u03bcm and 184.3 \u03bcm.\nThe 295-FIR has a 3 bar invar support frame and features the same optical design as used in the FIRL-100. It has been engineered\u00a0to allow ultra-high vacuum (UHV) pumping for extended sealed operation,\u00a0maximum power and number of lines.\nIf you would like to integrate a FIR laser with a high power CO2\u00a0laser into one housing\u00a0please see our\u00a0FIRL-100 product.\n\u00a0\n", "Product Description": "Far-Infrared (FIR) laser frequencies arise from rotational transitions in an excited vibrational state of a polar gas molecule at low pressure.\nThe optically pumped FIR laser relies on the selective absorption of tuneable infrared radiation to create a population inversion between rotational states and hence generation laser action. In practice, a few molecules are chosen to provide discrete\u00a0frequencies across the entire FIR spectrum from 40 \u03bcm upwards. Tables of FIR lines are available on request.\n", "Product Description img": [], "Product Description link": ["#"], "Upgrades": "Laser Stabilisers\nFor applications demanding excellent medium and long tern stability, an active stabiliser may be required. This will compensate for laser output fluctuations caused by changes in ambient conditions and lock the variation in laser frequency or power to a value close to the passive jitter. Edinburgh Instruments has designed a family of active stabilisation techniques appropriate to the type of laser and operating conditions. Stabilisation of laser output is possible for up to 60 minutes.\nLaser Pumping and Refilling Systems\nAll flowing gas laser systems are supplied with the necessary valves, gauges and vacuum couplings for simple connection to the system vacuum pump. A range of turbo molecular and dry pumps are available as upgrades. Please contact us for more information.\nGas Mixing Stations\nThese are designed to allow mixing and metering\u00a0of up to 3 component gases from independent gas cylinders.\u00a0Comprising of 3 inlet ports with individual flow meters or needle valves for gas mixing or gas flow operation.\n", "Upgrades img": [], "Upgrades link": ["#", "/contact-us/"], "Downloads": "295 Far-Infrared (FIR) Laser Datasheet", "Downloads img": [], "Downloads link": ["#", "https://www.edinst.com/wp-content/uploads/2015/08/FIR-Series-Flyer-22.pdf"]}