{"Page Title": "450 W Xenon Arc Lamp", "Introduction": "The Xe1 is a 450 W ozone free xenon arc lamp, that emits continuous radiation from 230 nm \u2013 2600 nm. The lamp has an integrated power supply with a display showing lamp voltage and current, and an hour meter for monitoring the lamp operation time. The emission from the xenon arc lamp is refocused into the monochromator by means of a high-quality off-axis ellipsoidal mirror.\nReplacement 450 W xenon arc bulbs are available in either ozone generating or ozone free formats.\nThe Xe1 is supplied as standard on the FLS980.\n", "Technical Specifications": "Output Power: 450 W\nRange: 230 nm \u2013 2600 nm\n", "Technical Specifications img": [], "Technical Specifications link": ["#"]}