{"Page Title": "Spectrochemistry", "Introduction": "StellarNet miniature research grade spectrometers allow for low cost measurements in the UV-VIS-NIR wavelength ranges.\u00a0 These instruments can measure species absorption, emission, fluorescence, transmission, concentration, and color, using the \u00a0free SpectraWiz\u00ae operating software.\n", "Downloads": "SpectroChemistry", "Downloads img": [], "Downloads link": ["#", "https://www.edinst.com/wp-content/uploads/2015/08/SpectroChemistry-Systems.pdf"]}