{"Page Title": "LED (Various Wavelengths)", "Introduction": "\n\u00a0410 nm, 470 nm, 502 nm, 590 nm, 660 nm, white LED\nSpectral Range- LED dependant, optional white.\nFlexibility- user replaceable LEDs take less than a few seconds to replace\nSmall Footprint- only 38.1 mm x 76.2 mm x 85.09 mm\nPowered Flexibility- 12VDC standard or 5VDC option\nLEDs continually being evaluated\u00a0 and introduced as LED technology improves\n\n", "Downloads": "SL1 - LED Source Specification", "Downloads img": [], "Downloads link": ["#", "https://www.edinst.com/wp-content/uploads/2015/08/SL1-LED-Kit.pdf"]}