{"Page Title": "Three-Position Cuvette Holder", "Introduction": "The three-position cuvette turret has coolant circulation and temperature probe. The turret is computer-controlled on a rotational stage, and all three positions are temperature adjustable by water/coolant circulation, with an integrated temperature probe for sample temperature monitoring by spectrometer operating software.Filter holders are provided for all three individual sample positions.\n", "Product Description": "The three-position cuvette turret has coolant circulation and temperature probe. The turret is computer-controlled on a rotational stage, and all three positions are temperature adjustable by water/coolant circulation, with an integrated temperature probe for sample temperature monitoring by spectrometer operating software.Filter holders are provided for all three individual sample positions.\n", "Product Description img": [], "Product Description link": ["#"]}