{"Page Title": "Geometries", "Introduction": "If further detectors are required, the system can be configured in a T-geometry by the addition of a separate emission monochromator. This configuration can also be useful to provide a digital detection arm and an analogue detection arm.\n", "Product Description": "If further detectors are required, the system can be configured in a T-geometry by the addition of a separate emission monochromator. This configuration can also be useful to provide a digital detection arm and an analogue detection arm.\n", "Product Description img": [], "Product Description link": ["#"]}