{"Page Title": "Lenses and Couplers", "Introduction": "\nLENS-COL is a collimating lens for the VIS-NIR ranges.\nLENS-QCOL is a collimating lens for the UV-VIS-NIR ranges.\nSMA-Coupler allows accessories, such as collimating lenses or cosine receptors, to attach directly to a spectrometer without the need for fiber\u00a0 optic cables.\nSplice Bushing is used to adjoin two fiber optic cables together.\nSMA-FC is and adapter used to adjoin optical components with different connection types, SMA-905 and FC.\nSMA-C-Mount to SMA-905 adapter allows connection of the spectrometer to\u00a0 other optical devices such as microscopes and telescopes.\nVFT is fiber optic Vacuum Feed Through, 600 micron UV/VIS, mounted on a 275\u2033 CF Flange with male SMA-905 connectors on each end. Other options available\n\n", "Downloads": "Lenses and Couplers Specification", "Downloads img": [], "Downloads link": ["#", "https://www.edinst.com/wp-content/uploads/2015/08/Lens-couplers.pdf"]}