{"Page Title": "MTL-5 Mini-TEA CO2 Laser", "Introduction": "\nManual Grating Tuned Option\u00a0\u2013 9.2 \u03bcm to 10.8 \u03bcm operation (>60 lines available)\nTuned Option \u2013\u00a010.6 \u03bcm operation (max. energy single-mode 50 mJ/pulse)\nUntuned Option \u2013\u00a010.6 \u03bcm\u00a0operation (max. energy multi-mode 150mJ/pulse)\n50 ns Pulse Width (typical)\nHigh Repetition Rates, Single Shot \u2013 100 Hz\nPrecision Grating Control\n\n", "Product Description": "The MTL-5 is a compact, user-friendly, bench-top TEA (Transverse Excited Atmospheric Pressure) pulsed CO2 Laser.\nFeaturing self-diagnostic testing and built-in, fail-safe mechanisms designed to monitor system performance and to support system integrity. The laser offers high-performance specifications for a variety of scientific and specialist applications.\nThe MTL-5 can be operated in either multi-mode or single mode (TEM00) configuration. Multi-mode output energy is rated at 150 mJ / pulse at 100 Hz.\nThe addition of a precisely selected aperture assembly enables single transverse mode operation. Laser output energy TEM00 single spatial mode operation without wavelength selection is rated at 80 mJ/pulse. This configuration is required for use with the manual tuned grating option. With manual grating tuned option output energy is 50 mJ/pulse.\nThe MTL-5 is supplied with a separate power supply that enables users to optimise space without compromising their experiments. The interconnection between the power supply and head has a known warranted lifetime.\nAn optional wavelength selection unit with precision grating control enables users to step tune easily between wavelengths.\n", "Product Description img": [], "Product Description link": ["#"], "Technical Specifications": [["Specifications", "Untuned \u2013 Multimode", "Untuned \u2013 TEM00", "Tuned \u2013 TEM00"], [[], ["Output energy flowing gas", "150 mJ", "80 mJ", "50 mJ"], ["Wavelength", "c.a. 10.6 \u00b5m", "c.a. 10.6 \u00b5m", "9.2 \u00b5m \u2013 10.8 \u00b5m"], ["Beam divergence", "2 mR", "1 mR", "1 mR"], ["Beam diameter", "10 mm x 10 mm", "6.0 mm", "Typically 6.0 mm"], ["Amplitude stability", "\u00b16% p-p", "\u00b16% p-p", "\u00b16% p-p"], ["Pulse width", "c.a. 50 ns FWHM", "c.a. 50 ns FWHM", "c.a. 50 ns FWHM"], ["Repetition rate", "Single shot to 100 Hz", "Single shot to 100 Hz", "Single shot to 100 Hz"], ["Cavity length", "29.5 cm", "29.5 cm", "38.5 cm"], ["Dimensions (L)", "39.8 cm", "39.8 cm", "58.0 cm"], ["Excluding connectors (W)", "20.0 cm", "20.0 cm", "20.0 cm"], ["Excluding connectors (H)", "22.5 cm", "22.5 cm", "22.5 cm"], ["Weight", "13.5 kg", "13.5 kg", "14.0 kg"], ["Power supply dimensions (L)", "51.0 cm", "51.0 cm", "51.0 cm"], ["Power supply dimensions (W)", "52.0 cm", "52.0 cm", "52.0 cm"], ["Power supply dimensions (H)", "17.0 cm", "17.0 cm", "17.0 cm"], ["Weight", "34.0 kg", "34.0 kg", "34.0 kg"]], ""], "Technical Specifications img": [], "Technical Specifications link": ["#"], "Upgrades": "Grating Tuned Option\nComprises of a\u00a0diffraction grating in place of the total reflector and a broadband output coupler. Micrometer control of wavelength using new ultra-low backlash grating control mechanism, and 60 lines are selectable with 50 mJ on the strongest lines (with the TEM00 option). The new low backlash grating control mechanism allows tuning across 60 lines without the need for other corrective adjustments.\nGas Mixing Stations\nThese are designed to allow mixing and metering\u00a0of up to 3 component gases from independent gas cylinders.\u00a0Comprising of 3 inlet ports with individual flow meters or needle valves for gas mixing or gas flow operation.\n", "Upgrades img": [], "Upgrades link": ["#"], "Downloads": "MTL-5 MiniTEA CO2 Laser Datasheet", "Downloads img": [], "Downloads link": ["#", "https://www.edinst.com/wp-content/uploads/2015/07/MTL-5-Series-technical-specs-22.pdf"]}