{"Page Title": "Spectroradiometry", "Introduction": "The StellarNet spectrometers are great tools for low cost, routine analysis of all types of light.\u00a0 From measuring the irradiance of standard light bulbs to measuring the exact color coordinates of the yellow in a traffic light, StellarNet spectrometers are used worldwide to routinely analyse light.\n", "Downloads": "Spectroradiometry", "Downloads img": [], "Downloads link": ["#", "https://www.edinst.com/wp-content/uploads/2015/08/SpectroRadiometer-Systems.pdf"]}