{"Page Title": "Picosecond Pulsed Diode Lasers and LEDs", "Introduction": "We manufacture a range of picosecond pulsed laser diodes and LEDs for Time Correlated Single Photon Counting (TCSPC) measurements. Diodes are available over the UV-VIS spectrum starting at 250 nm and are pre-set with a range of repetition frequencies. The driver electronics are built into the light sources, eliminating the need for additional driver boxes and feature true \u201cplug-and-play\u201d usability.\n", "Product Description": "We manufacture a range of picosecond pulsed laser diodes and LEDs for Time Correlated Single Photon Counting (TCSPC) measurements. Diodes are available over the UV-VIS spectrum starting at 250 nm and are pre-set with a range of repetition frequencies. The driver electronics are built into the light sources, eliminating the need for additional driver boxes and feature true \u201cplug-and-play\u201d usability.\nFor more information, or to enquire, please contact a member of our sales team at sales@edinst.com.\n", "Product Description img": [], "Product Description link": ["#", "mailto:sales@edinst.com"], "Downloads": "", "Downloads img": [], "Downloads link": ["#"]}