{"Page Title": "FIRL-100 FIR Laser (7.5 THz - 0.25 THz)", "Introduction": "\nFar-Infrared (FIR) / Terahertz\u00a0laser emission: 40 \u03bcm \u2013 1.2 mm (7.5 THz \u2013 0.25 THz)\nFIRL-100 is a FIR laser pumped by a CO2 laser in one\u00a0housing\nFusion reactor plasma temperature measurement\nHomeland security and scanning\nScattering density measurements\nRadar modelling\n\n", "Product Description": "The\u00a0FIRL-100 has both the CO2 pump laser (PL5)\u00a0and the\u00a0FIR laser (295-FIR)\u00a0housed in an integrated structure combining a highly efficient optically pumped FIR system into a single compact unit. The lasers and coupling optics are mounted within a 5 bar invar rod frame for excellent thermal and mechanical stability.\n\nThe CO2 section provides 80 lines between 9.1 \u03bcm and 10.9 \u03bcm\u00a0and features a flowing gas single discharge tube giving more\u00a0than 50 W on the strongest lines. Mode performance (M2 <1.25)\u00a0is assured by internal profiling of the tube and the use of high quality optics. The resonator design is based on the proven\u00a0PL5 laser with diffraction grating, two ZnSe Brewster windows\u00a0and piezo ceramic mounted ZnSe output coupler.\nThe CO2 laser output is coupled into the FIR laser via two steering mirrors and a ZnSe focussing lens. Access to the CO2 radiation beam diagnostics for Infrared experiments is available via a precision, two position sliding mirror mechanism.\n", "Product Description img": ["https://www.edinst.com/wp-content/uploads/2015/09/FIRL100.jpg"], "Product Description link": ["#", "/products/co2-gas-lasers-9-1-%ce%bcm-10-9-%ce%bcm/", "/products/co2-gas-lasers-9-1-%ce%bcm-10-9-%ce%bcm/", "/products/295-stand-alone-fir-laser/", "https://www.edinst.com/wp-content/uploads/2015/09/FIRL100.jpg", "/products/co2-gas-lasers-9-1-%ce%bcm-10-9-%ce%bcm/"], "Technical Specifications": [["FIRL-100 Output Specification", "", "", ""], [[], ["Wavelength (\u00b5m)", "FIR Molecule", "CO2 Pump Line", "Typical Power"], ["96.5", "CH3OH", "9R10", "60 mW"], ["118.8", "CH3OH", "9P36", "150 mW"], ["184.3", "CH2F2", "9R32", "150 mW"], ["432.6", "CH3OH", "9R20", "30 mW"], ["513", "CH3OH", "9R28", "10 mW"]], ""], "Technical Specifications img": [], "Technical Specifications link": ["#"], "Upgrades": "Laser Stabilisers\nFor applications demanding excellent medium and long tern stability, an active stabiliser may be required. This will compensate for laser output fluctuations caused by changes in ambient conditions and lock the variation in laser frequency or power to a value close to the passive jitter. Edinburgh Instruments has designed a family of active stabilisation techniques appropriate to the type of laser and operating conditions. Stabilisation of laser output is possible for up to 60 minutes.\nLaser Pumping and Refilling Systems\nAll flowing gas laser systems are supplied with the necessary valves, gauges and vacuum couplings for simple connection to the system vacuum pump. A range of turbo molecular and dry pumps are available as upgrades. Please contact us for more information.\nGas Mixing Stations\nThese are designed to allow mixing and metering\u00a0of up to 3 component gases from independent gas cylinders.\u00a0Comprising of 3 inlet ports with individual flow meters or needle valves for gas mixing or gas flow operation.\n", "Upgrades img": [], "Upgrades link": ["#", "/contact-us/"], "Downloads": "FIRL-100 Datasheet", "Downloads img": [], "Downloads link": ["#", "https://www.edinst.com/wp-content/uploads/2015/08/FIR-Series-Flyer-22.pdf"]}