{
  "Page Title": "FS5 System Upgrades",
  "Entry": "The upgrade options are modifications or additions to the main body of the FS5. All upgrades are best installed at the time of manufacture, but they can also be retro-fitted by a qualified service engineer during an on-site visit.\nAll the standard features of the FS5 are retained when an upgrade option has been added. Many of the options can be combined allowing for outstanding flexibility for an instrument of this class.\n",
  "\n\t\t\t\tTime-Resolved Measurement Upgrades\t\t\t": "\nFS5 \u2013 MCS  The instrument has all the features of the standard FS5, plus the capability to measure sample decays with lifetimes of over one microsecond (phosphorescence, lanthanide decays). The changeover between the standard continuous xenon light source and the pulsed xenon flash lamp is software controlled and the acquisition mode automatically changes from standard photon counting to time resolved photon counting. The software incorporates fitting and reconvolution analysis for lifetime evaluation.\u00a0The instrumental response function (IRF) of this instrument is 2 microseconds. Lifetimes from\u00a0<10 \u03bcs to >10 s can be accurately measured.\nFS5 \u2013 TCSPC  The instrument has all the features of the standard FS5, plus the capability of fluorescence lifetime measurements in the picosecond, nanosecond and the lower microsecond (<50 \u03bcs) time range. The FS5-TCSPC version requires picosecond pulsed diode lasers and LEDs for excitation, which are simply attached to the\u00a0FS5-TCSPC housing and are compatible to all sample holder options.\u00a0The software is fully compatible with all measurement options and offers numerical reconvolution and curve fitting. Note that the picosecond diode lasers (EPL series) and the picosecond pulsed LEDs (EPLED series) come with different output wavelengths. More than one of these picosecond pulsed light sources may be required to cover your range of applications. TCSPC lifetime measurements with the standard FS5 detector will have an instrumental response function (IRF) of approximately 800 ps (FS5-TCSPC), enabling\u00a0<100 ps lifetimes to be resolved. The exact value depends on which EPL or EPLED model is used. For challenging applications the IRF can be improved by fitting a SECOND, faster detector (FS5-TCSPC+). Using an EPL as an excitation source in this configuration will result in an IRF of\u00a0<200 ps, enabling approximately\u00a025 ps lifetimes to be resolved (depending on the source used).\n",
  "\n\t\t\t\tSpectral Range Upgrades\t\t\t": "\nFS5 \u2013 NIR  This is a unique upgrade route that is only available to the FS5. The FS5-NIR has a SECOND detector fitted to expand the operating spectral range without sacrificing the performance of the standard instrument. There are two NIR versions available: FS5-NIR is fitted with an extra-cooled side window PMT and selected grating for sensitivity up to 1010 nm; FS5-NIR+ is fitted with a TE cooled NIR-PMT and NIR-grating for sensitivity up to 1650 nm. Both options are based on single-photon counting electronics for maximum sensitivity and compatibility with any of the lifetime options, should they be added.\n",
  "\n\t\t\t\tPolarisation Upgrade\t\t\t": "\nFS5 \u2013 POL  This upgrade comprises the standard FS5 with fully computerised polarisers in both excitation and emission arms. The polarisers enable polarised fluorescence and fluorescence anisotropy studies. Automated measurements and generation of anisotropy curves, both raw and G-factor corrected, are supported by the software. If combined with the TCSPC option, time-resolved fluorescence anisotropy measurements and analysis will also be possible. FS5-POL uses Calcite polarising prisms with an operational range of 240 nm \u2013 2300 nm for both excitation and emission. This\u00a0ensures compatibility with the NIR options FS5-NIR and FS5-NIR+.\n",
  "\n\t\t\t\tSample Holders / Cassette Upgrades\t\t\t": "\nWe have measurement modules\u00a0available for practically all applications. These can be purchased at any time and can be easily installed by the user. The installation takes no more than a few seconds. The Fluoracle software automatically recognises which of the measurement modules is in use. This reduces the complexity in the user interface and ensures ease of operation.\nSample Cassettes (SC) available include:\nSC-05: Standard Cuvette Holder\nSC-10: Solid Sample Holder (upright/tilted sample)\nSC-15: Solid Sample Holder (horizontal sample)\nSC-20: Thermostatic Sample Holder (water bath regulation)\nSC-25: TE-Cooled Sample Holder (-40\u00b0C to +105\u00b0C)\nSC-26: TE-Cooled Sample Holder (-50\u00b0C\u00a0to +150\u00b0C)\nSC-27: 4-position TE-Cooled Sample Holder (-40\u00b0C to +105\u00b0C)\nSC-28: Heated Sample Holder for Powders (up to 300\u00b0C)\nSC-30: Integrating Sphere\nSC-41: 384 Micro-well Plate Reader\nSC-50: Optical Fibre Launcher (liquid light guides, SMA, FC)\nSC-60: Calibration Kit\nSC-70: Liquid Nitrogen EPR Dewar\nSC-80: Liquid Nitrogen Cryostat\nContact us directly\u00a0to customise your sample cassette\n \n",
  "\n\t\t\t\tMicroPL Upgrade\t\t\t": "\nThe MicroPL upgrade allows spectral and time-resolved photoluminescence measurements of samples in the microscopic scale. The FS5 is upgraded with a microscope so you can finely tune both the excitation light (illumination) and the detected emission, using widefield or point excitation.\nThe microscope can be supplied as either an upright and inverted microscopes. Imaging cameras are available spanning the spectrum from the visible to the near-infrared, up to 1700 nm. Excitation can be provided by halogen lamps (wide field excitation), picosecond pulsed diode lasers (EPL Series,\u00a0HPL Series) and pulsed LEDs (EPLED Series), supercontinuum sources and Nd:YAG lasers (lasers and semiconductor sources provide point source illumination). Steady state emission spectra and fluorescence lifetime measurements can be obtained from specific spots on your sample, when using appropriate lasers. Lasers can achieve a spot size of ~2 \u03bcm (objective dependent).\nThe optional FLIM add-on includes a computer-controlled XYZ stage and unlocks special features in the Fluoracle software including advanced analysis options for maps, such as multi-component decay fitting algorithms.\nDownload the MicroPL Datasheet.\n\n",
  "\n\t\t\t\tSoftware Upgrade\t\t\t": "\nThe standard Fluoracle software package can be upgraded to include the FAST software package. This is used for advanced fluorescence lifetime analysis and includes features such as lifetime distribution analysis and exponential components analysis. Please click on the link\u00a0to learn more about FAST software or contact us directly.\n"
}
