{"Page Title": "DS5 Dual Beam UV-Vis Spectrophotometer", "Introduction": "\nUser selectable variable bandpass options at 0.5, 1.0, 1.5, 2.0 or 4.0 nm\nFast scanning \u2013 up to 6,000 nm/min to aid sample analysis throughput\nAutomatic accessory recognition connected to the DS5\nModern touchscreen interface with intuitive menus and functions to ensure ease of use for standalone control\nUSB, SD card and internal data storage for convenient retrieval of methods and results\nCompact footprint to maximise available bench space in the laboratory\n\n", "Product Description": "DS5 Dual Beam UV-Vis Spectrophotometer\nThe DS5 UV-Vis Spectrophotometer is a high performance dual beam instrument suitable for many analytical applications where accuracy and precision measurements are key to your results.\nDeveloped and designed in the UK, the DS5 provides a modern, user-friendly and accurate spectrophotometer for a wide range of sample types and measurements.\nUtilising a dual lamp and Czerny-Turner configuration monochromator, the DS5 features a compact, reliable and high throughput optical system which ensures impressive spectral performance. Additional benefits include stray light, baseline flatness, wavelength and photometric accuracy and reproducibility.\nFor further information, or to find out how our UV-Vis spectrophotometer can assist you with your research, simply contact a member of our sales team at sales@edinst.com.\n", "Product Description img": [], "Product Description link": ["#", "mailto:sales@edinst.com"], "Technical Specifications": [["Parameter", "Description"], [[], ["Optics", "Czerny-Turner, Dual Beam Monochromator\n"], ["Wavelength Range", "190 nm \u2013 1100 nm"], ["Spectral Bandwidth", "0.5 nm, 1 nm, 1.5 nm, 2 nm and 4 nm "], ["Stray Light", "\u22640.10% (220 nm NaI, 340 nm NaNO2) "], ["Wavelength Accuracy", "\u00b10.1 nm\n"], ["Wavelength Repeatability", "\u00b10.1 nm\n"], ["Photometric Range", "Absorbance: -3.4 to +3.4, %T: 0 to 300, Concentration: 0,000 to 9,999\n"], ["Photometric Accuracy", "\u00b10.002 Abs (0 \u2013 0.5 Abs), \u00b10.004 Abs (0.5 \u2013 1.0 Abs), \u00b10.008 Abs (1.0 \u2013 2.0 Abs)\n"], ["Photometric Reproducibility", "\u00b10.0003 Abs (0-0.5 Abs), \u00b10.0005 Abs (0.5-1 Abs), \u00b10.001 Abs (1.0-2 Abs)\n"], ["Wavelength Scan Speed", "10, 100, 200, 400, 800, 1200, 2400, 3600, 6000 nm/min "], ["RMS Noise", "\u22640.00003 Abs (0 Abs, 500nm)"], ["Baseline Stability", "0.0002 Abs/hr (500 nm, 2 hour lamp warm-up period)"], ["Baseline Flatness", "\u00b10.0006 Abs (200 nm \u2013 950 nm)\n"], ["Light Source", "Tungsten-Halogen and Deuterium Lamps\n"], ["Light Source Switching", "Automatic switching selectable for 325 nm \u2013 370 nm range\n"], ["Detector", "Silicon Photodiode\n"], ["Display", "7\u201d Touchscreen"], ["Software", "Touchscreen operation, PC-controlled software or CFR compliant PC-controlled software"], ["Dimensions", "500 mm (W) \u00d7 475 mm (D) \u00d7 250 mm (H)\n"], ["Net Weight", "20 Kg (approx)"], ["Power Supply", "100 \u2013 240V, 50/60 Hz, 150VA\n"], ["Ambient Temperature", "10\u00b0C \u2013 35\u00b0C\n"], ["Output Device", "USB flash drive, SD card\n"], ["Interface", "USB PC interface\n"]], ""], "Technical Specifications img": [], "Technical Specifications link": ["#"], "Software": [[], [["Home Screen", "Measurement Setup"], ["", ""], ["Spectrum Overlay", "Area Calculation"], ["", ""]], "", "Photometry Mode: Perform quantitative analyses in either absorbance or transmittance modes. Select from single up to 5 different individual wavelengths, nucleic acid/protein A260/A280 ratios and set up calibration curves for concentration measurements.", "Time Scan: Perform kinetic measurements for time periods ranging from 1 minute to >27 hours. Measurement intervals are factory preset and automatically selected when the scan time is set.", "Wavelength scan: Perform a full spectral scan from 190 nm \u2013 1100 nm at any of 9 incremental and preset selectable scan speeds starting from a high resolution 10 nm/min up to a maximum scan speed of 6,000 nm/min. Data is displayed as a graphical spectrum on which data analysis can be performed through the touchscreen interface with zoom, peak-valley, smoothing and other functions available through the easy to use menu interface.", "", "To ensure optimum instrument performance, self-diagnosis incorporating a number of parameters and wavelength calibration are automatically initiated upon start-up. Furthermore, the DS5 is equipped with a GLP/GMP feature for analyses requiring validation and auditing. Parameters such as wavelength accuracy, wavelength reproducibility, bandpass, baseline flatness, baseline stability and noise level can all be validated."], "Software img": ["http://edinburgh-instruments.localhost/wp-content/uploads/2019/02/HomeScreen-300x180.jpg", "http://edinburgh-instruments.localhost/wp-content/uploads/2019/02/Measurement-Menu-300x180.jpg", "http://edinburgh-instruments.localhost/wp-content/uploads/2019/02/Spectrum-Overlay-300x180.jpg", "http://edinburgh-instruments.localhost/wp-content/uploads/2019/02/Area-Calculation-300x180.jpg"], "Software link": ["#", "http://edinburgh-instruments.localhost/wp-content/uploads/2019/02/HomeScreen.jpg", "http://edinburgh-instruments.localhost/wp-content/uploads/2019/02/Measurement-Menu.jpg", "http://edinburgh-instruments.localhost/wp-content/uploads/2019/02/Spectrum-Overlay.jpg", "http://edinburgh-instruments.localhost/wp-content/uploads/2019/02/Area-Calculation.jpg"], "Upgrades": "\n\n\t\t\t\tStandard Cell Holder\t\t\t\n\n\nThe standard cell holder is 2-position and holds traditional 10 mm path length cells. A micro-volume cell holder option for 50 \u03bcl cells is also available.\n\n\n\n\t\t\t\tStandard Cell Holder \u2013 Thermostatic\t\t\t\n\n\nDesigned for incubation or temperature stabilisation from room temperature to +40oC. Temperature stability \u00b10.3oC.\n\n\n\n\t\t\t\tLong Path Cell Holder\t\t\t\n\n\nDesigned for low concentrations or absorbance, the long path cell holder holds two rectangular cells with an optical path length of 10 mm to 100 mm.\n\n\n\n\t\t\t\tGlass Filter Holder\t\t\t\n\n\nDesigned for measuring the transmittance/absorbance of glass samples or filters. Sample dimensions up to 55 mm x 100 mm with 5 mm thickness can be accepted.\n\n\n\n\t\t\t\tFilm Holder\t\t\t\n\n\nDesigned for measuring the transmittance/absorbance of thin-film samples. Sample dimensions up to 25 mm x 50 mm can be measured.\n\n\n\n\t\t\t\t6-Position Cell Holder\t\t\t\n\n\nMount up to 6 standard 10 mm path length cells with auto-changeover of sample. A temperature controlled version is also available.\n\u00a0\n\n\n\n\t\t\t\tAuto Sipper\t\t\t\n\n\nDesigned for rapid and automatic measurement of multiple or large amounts of liquid sample without changing cells. A temperature controlled version is also available.\n\n\n\n\t\t\t\tMicro Flow Cell\t\t\t\n\n\nDesigned for continuous measurement of trace samples. Flow cell capacity of 70 \u03bcl, 10 mm path length with Teflon tubing. A temperature controlled version is also available.\n\n\n\n", "Upgrades img": ["https://www.edinst.com/wp-content/uploads/2019/02/DS5_Standard_Cell_Holder_640px-300x188.png", "https://www.edinst.com/wp-content/uploads/2019/02/DS5_Thermostatic_640px-300x188.png", "https://www.edinst.com/wp-content/uploads/2019/02/DS5_Long-Path-Cell-Holder_640px-300x188.png", "https://www.edinst.com/wp-content/uploads/2019/02/DS5_Glass_Filter_Holder_640px-300x188.png", "https://www.edinst.com/wp-content/uploads/2019/02/DS5_Film-Holder_640px-300x188.png", "https://www.edinst.com/wp-content/uploads/2019/02/DS5_6position_Cell_Holder_640px-300x188.png", "https://www.edinst.com/wp-content/uploads/2019/02/DS5_Auto_Sipper_640px-300x188.png", "https://www.edinst.com/wp-content/uploads/2019/02/DS5_Micro_Flow_Cell_640px-300x188.png"], "Upgrades link": ["#", "https://www.edinst.com/wp-content/uploads/2019/02/DS5_Standard_Cell_Holder_640px.png", "https://www.edinst.com/wp-content/uploads/2019/02/DS5_Thermostatic_640px.png", "https://www.edinst.com/wp-content/uploads/2019/02/DS5_Long-Path-Cell-Holder_640px.png", "https://www.edinst.com/wp-content/uploads/2019/02/DS5_Glass_Filter_Holder_640px.png", "https://www.edinst.com/wp-content/uploads/2019/02/DS5_Film-Holder_640px.png", "https://www.edinst.com/wp-content/uploads/2019/02/DS5_6position_Cell_Holder_640px.png", "https://www.edinst.com/wp-content/uploads/2019/02/DS5_Auto_Sipper_640px.png", "https://www.edinst.com/wp-content/uploads/2019/02/DS5_Micro_Flow_Cell_640px.png"], "Downloads": "", "Downloads img": [], "Downloads link": ["#"]}