{"Page Title": "Pulsed Lasers - EPL Series (VIS/NIR)", "Introduction": "\nOptimised for TCSPC\nPre-set Repetition Frequencies from 20 KHz to 20 MHz\nSpectrally Purified Output\nOptimised Collimated Beam\nDrive Electronics Included\nFully Integrated, Compact Design\n\n", "Product Description": "The EPL picosecond pulsed diode lasers are a family of high performance, cost effective excitation sources for fluorescence lifetime measurements.\nIn Time-Correlated Single Photon Counting (TCSPC) they bridge the gap between the nanosecond flashlamp and expensive mode locked Titanium Sapphire femtosecond lasers.\nThe EPL lasers are pre-adjusted for an optimum pulse width, with particular attention paid to reducing a secondary shoulder. They are fitted with integrated bandpass filters to spectrally purify the output.\nThe output has a typical pulse width of less than 100 ps. The EPL lasers are robust, maintenance free, easy to operate and have proprietary beam conditioning optics.\n", "Product Description img": [], "Product Description link": ["#", "https://www.edinst.com/techniques/time-resolved-fluorescence/"], "Technical Specifications": [["", "Overview Specifications"], [[], ["Linewidths", "From <1.5 nm"], ["Typical Pulse Widths @ 10 MHz", "From 60 ps"], ["Typical Peak Power @ 10 MHz", "Up to 155 mW"], ["Typical Average Power @ 20 MHz", "Up to 0.25 mW"], ["Beam Quality: Near Field Dimensions", "<4.75 mm (fast axis), <1.75 mm (slow axis)"], ["Beam Quality: Divergence", "<1.5 mrad (fast axis), <0.75 mrad (slow axis)"], ["Dimensions", "168 mm (l) x 64 mm (d) x 64 mm (h)"], ["Weight", "800 g"]], "375 nm,\u00a0405 nm,\u00a0445 nm,\u00a0450 nm,\u00a0470 nm,\u00a0485 nm,\u00a0510 nm,\n635 nm, 640 nm, 655 nm, 670 nm, 785 nm, 800 nm,\u00a0980 nm", "", "Class 3R/3B laser product. Avoid exposure to beam. Light emitted by the laser may be harmful to the human eye and to skin. Please obey laser safety regulations. These products comply with the US federal laser product performance standards."], "Technical Specifications img": [], "Technical Specifications link": ["#"], "Downloads": "EPL Picosecond Pulsed Diode Laser Datasheet", "Downloads img": [], "Downloads link": ["#", "https://www.edinst.com/wp-content/uploads/2015/08/EPL-Data-Sheet_Stg02-WEB.pdf"]}