{"Page Title": "Vacuum Ultra-Violet (VUV) Light Sources", "Introduction": "Vacuum Ultra-Violet (VUV) radiation is used to describe the spectrum below 190 nm, where few light sources readily emit and the atmosphere absorbs most of the wavelengths. Single wavelength and broad VUV spectrum options are available.\n", "Product Description": "Vacuum Ultra-Violet (VUV) radiation is used to describe the spectrum below 190 nm, where few light sources readily emit and the atmosphere absorbs most of the wavelengths. Single wavelength and broad VUV spectrum options are available.\n", "Product Description img": [], "Product Description link": ["#"]}