{"Page Title": "RM5 Raman Microscope", "Introduction": "\n Truly Confocal \u2013 with variable slit and multiple position adjustable pinhole for higher image definition, better fluorescence rejection and application optimisation\nIntegrated Narrowband Raman Lasers \u2013 up to 3 computer controlled lasers for ease of use, enhanced stability and reduced footprint\n5-Position Grating Turret \u2013 for unrivalled spectral resolution of <0.3 cm-1 and optimisation over the full spectral range\n<50 cm-1 \u2013 15,000 cm-1\nIntegrated Detectors \u2013 up to 2, including high efficiency CCD, EMCCD and InGaAs arrays for low noise, increased speed, high sensitivity and wide spectral range\n\n", "Product Description": "The RM5 is a compact and fully automated Raman microscope for analytical and research purposes. The truly confocal design of the RM5 is unique to the market and offers uncompromised spectral resolution, spatial resolution, and sensitivity.\n\nOur Raman microscope builds on the expertise of robust and proven building blocks, combined with modern optical design considerations; and a focus on function, precision and speed. The result is a modern Raman microscope that stands alone in both specifications and ease of use.\n\nInternal Standards and Auto-Calibration \u2013 to ensure the highest quality data at all times\n4-Position Raman Filter Turret \u2013 fully automated notch and edge filters to match the Raman range to excitation laser wavelength\nRamacle\u00ae Software \u2013 one powerful software package for complete system control, data acquisition, analysis and ease of upgrade\nHigh Performance Microscope \u2013 compatible with all the latest accessories\n\nFor further information about the RM5 Raman Microscope, including price, simply contact a member of our sales team at sales@edinst.com.\n", "Product Description img": [], "Product Description link": ["#", "mailto:sales@edinst.com"], "Technical Specifications": [["LASER SPECIFICATION", "", "SPECTROGRAPH ", "", "", "DETECTORS", "", "", "SYSTEM", "", ""], [[], ["Lasers", "Up to 3 narrow-band lasers including: 532 nm, 638 nm, 785 nm\nOther wavelengths available on request\nLaser selection is fully computer-controlled"], ["Laser Rejection Filters", "Up to 3 laser rejection filters included\nFilter exchange is fully computer-controlled"], ["Laser Attenuation", "4 orders of magnitude, continuous\nFully computer-controlled"], [], ["Spectral Resolution", "", "From <0.3 cm-1"], ["Spectral Range", "", "<50 cm-1 \u2013 15,000 cm-1*"], ["Spectrograph", "Type\nFocal Length\nGratings\nSlits", "Asymmetric Czerny-Turner\n225 mm\n5-position grating turret, fully computer-controlled\nContinuously adjustable, fully computer-controlled"], ["Confocal Imaging", "", "Adjustable confocal pinhole, fully computer-controlled"], [], ["Detectors", "Standard Detector\n", "High sensitivity ultra low noise CCD\n1650 x 200 pixels, TE-cooled -60\u00b0C (standard) OR\n2000 x 256 pixels, TE-cooled -60\u00b0C (enhanced sensitivity and spectral range)\n"], ["", "Optional Second Detector ", "EMCCD detector, InGaAs and others available on request\nSelection of detectors, fully computer-controlled"], [], ["Raman Polarisation", "Optional", "Polarisation kit available, fully computer-controlled"], ["Internal Calibration", "", "Wavelength calibration standard (Neon)\nRaman shift standard (Silicon)\nSensitivity validation standard (Silicon)\nAutomated laser alignment"], ["Microscope System", "Functionality\n\n", "Full upright microscope with brightfield and darkfield illuminator\nPolarisation, Differential Interference Contrast (DIC) capability and fluorescence imaging\n10x and 100x objective included as standard; up to 5 can be included\n\n"], ["", "Optional Objective(s)", "Trinocular eyepiece, embedded CMOS video camera, second video camera optional\n"], ["", "Sample Viewing", "XY manual stage"], ["", "Sample Stage", "XYZ motorised stage (75 mm x 50 mm XY), confocal Raman mapping"], ["", "Optional", "Temperature-controlled sample stages available"], ["Software", "Ramacle\u00ae\n", "Comprehensive all-in-one, intuitive software package\n\n"], ["", "Operating System", "Windows\u00ae"], ["", "Functionality", "Data acquisition, spectrograph control, graphical display, data processing"], ["", "Optional", "Chemometric, spectral library packages \u2013 KnowItAllTM"], ["Laser Safety", "Without Laser Enclosure\nWith Laser Enclosure", "Class 3B\nClass 1"], ["Dimensions", "W x D x H \u2020\nWeight \u2020", "600 mm x 800 mm x 600 mm\n\u2020 63 kg\n* depending on grating, laser and CCD selection\n\u2020 without laser enclosure"]], "", "", "", "\n", "\n", "\n", ""], "Technical Specifications img": [], "Technical Specifications link": ["#"], "Software": "RAMACLE\u00ae SOFTWARE\nRamacle is an exceptional software package written for complete instrument control and data handling on the RM5 system. Ramacle controls all RM5 functions with a straightforward design concept. It focuses on all modern Raman spectroscopy applications, while at the same time, providing a user-friendly interface with \u2018ready to publish\u2019 outputs.\n\nThe software provides control, visualisation, data acquisition, analysis and presentation of the RM5 whether it is used for generating Raman spectra or with advanced upgrades such as\u00a0 Raman mapping. Ramacle easily navigates the user from microscope set up to measurement set up and offers computer-controlled measurement conditions such as laser excitation, grating, pinhole size etc.\n\nRamacle enables sample visualisation, live signal monitoring and parameter optimisation before every measurement. The instrument status and signal are displayed and constantly updated during measurements.\n\nData generated by Ramacle have a proprietary file format. This contains all measurement and instrumental properties, allowing the user to retrieve important information whenever needed and ensures data traceability. Simple input and output functions provide the required compatibility with third party data analysis or presentation packages.\nKnowItAllTM Raman Identification Pro spectral library is available for material identification and advanced analysis. Data acquisition methods such as single measurements, multiple and\u00a0 accumulated scans, kinetic scans and generation of maps (accessory dependent) are implemented by intuitive and in user-friendly wizards.\n\nRaman Mapping\nMapping the Raman spectra within a sample area provides previously unavailable information about the chemical and physical differences across a sample. This can confirm the identity and presence of specific components and reveals their location and distribution within the sample. The figure demonstrates an XY Raman map of a gemstone containing two constituents. The Raman map is false coloured based on Raman bands specific to each constituent.\n\nUsing Ramacle the user can use our fast-mapping technique. This uses the camera and motorised stage to the fullest, greatly reducing acquisition times. The figure below shows Raman map revealing trace amounts of paracetamol (shown in red) left behind in a fingerprint on aluminium foil. Using standard mapping this map would have taken over 20 hours, using fast mapping this acquisition took under 30 minutes, without losing any spectral or spatial quality.\n\nMapping in Ramacle also allows measurements in the Z axis, thanks to the computer-controlled pinhole. 3D mapping enables the user to gain a depth profile of their sample and is extremely useful for analysing layers samples for quality control and layer thickness conformation. Below is a 3D Raman map of a transdermal patch is shown, the different layers can clearly be differentiated.\n\nCommonly, samples are not perfectly flat, and this can cause focus issues when Raman mapping. Using the surface mapping feature in Ramacle the user can create an in-focus white light image with set Z-positions. These Z-positions will then be used for the Raman map creating a completely in focus 2D Raman map. The image below shows the difference between a sample with and without surface mapping.\n\n\nRamacle Key Features\n\nSelection of laser and scatter optical pathways\nSelection of excitation wavelength, gratings and exposure time\nSample and laser focus visualisation\nProgrammed attenuator and shutter\nSingle, accumulated and kinetic spectral acquisitions\nSpectral correction\nSelection and scans of internal calibration standards and automated calibration correction\nData operations such as arithmetic, scaling, normalisation and baseline subtraction\nCosmic ray removal, cropping, smoothing\nAutomated laser alignment\nASCII / CSV data import / export function\nPaste options for presentations and publications\n\n\u00a0\nFeatures included with upgrade:\n\nMapping features \u2013 map setup, fast mapping, surface mapping, 3D mapping, collection and data analysis\nFully motorised stage \u2013 XYZ control through joystick and software\nPolariser and analyser selection and control\nDetectors selection\nLaser rejection filter selection\nExternal camera selection and visualisation\nAutofocus\n\n", "Software img": ["https://www.edinst.com/wp-content/uploads/2019/07/Picture1-1024x555.jpg", "https://www.edinst.com/wp-content/uploads/2019/07/Picture2-1024x555.jpg", "https://www.edinst.com/wp-content/uploads/2019/07/Picture3.jpg", "https://www.edinst.com/wp-content/uploads/2019/07/Picture4-930x1024.png", "https://www.edinst.com/wp-content/uploads/2019/07/Picture5-1024x296.png", "https://www.edinst.com/wp-content/uploads/2019/07/Picture6-1024x350.jpg"], "Software link": ["#"], "Upgrades": "\n\n\t\t\t\tLasers\t\t\t\n\n\nThe RM5 is built with flexibility in mind. A choice of excitation lasers and associated laser rejection filters (both edge and notch) are available depending on application requirements.\n\n\n\n\t\t\t\tGratings\t\t\t\n\n\nGratings are chosen for optimum resolution for each laser excitation, with up to a maximum of five gratings per system\n\n\n\n\t\t\t\tDetectors\t\t\t\n\n\nA choice of CCD, EMCCD and InGaAs detectors are also available dependent on requirements, with a maximum of two detectors being integrated per system.\n\n\n\n\t\t\t\tAccessories and Laser Safety\t\t\t\n\n\nOther accessories such as a polarisation kit and a Class I laser safety enclosure are also available to further expand the capabilities, flexibility and safety of your RM5 system.\n\n\n\n\t\t\t\tMicroscope\t\t\t\n\n\nThe RM5 uses one of the most modern microscopes on the market for first class Raman microscopy. You can use the microscope beyond pure Raman microscopy; the RM5 has been designed to maintain the full capability of the microscope allowing all the necessary tools to be added for exceptional visualisation and contrast of your samples.\nBrightfield, darkfield, polarised light, differential interference contrast (DIC) and fluorescence are all available. Alongside a choice of high quality microscope objectives, a high performance camera can be added to the microscope to ensure pictures of your samples (and associated Raman maps) are captured with excellent quality and resolution.\n\n\n\n\t\t\t\tSample Stages\t\t\t\n\n\nA choice of microscope stages, including manual and an XYZ motorised stage which allows ease of navigation around your samples and stage area. Automated Raman maps can be obtained and generated through Ramacle. Heating/cooling of stages is also available.\n\n\n\n", "Upgrades img": ["https://www.edinst.com/wp-content/uploads/2019/07/Lasers.jpg", "https://www.edinst.com/wp-content/uploads/2019/07/gratings.jpg", "https://www.edinst.com/wp-content/uploads/2019/07/detector.gif", "https://www.edinst.com/wp-content/uploads/2019/07/RM5_Safety-Doors_.jpg", "https://www.edinst.com/wp-content/uploads/2019/07/Microscope.jpg", "https://www.edinst.com/wp-content/uploads/2019/07/sample-stages.gif"], "Upgrades link": ["#", "https://www.edinst.com/wp-content/uploads/2019/07/Lasers.jpg", "https://www.edinst.com/wp-content/uploads/2019/07/gratings.jpg", "https://www.edinst.com/wp-content/uploads/2019/07/detector.gif", "https://www.edinst.com/wp-content/uploads/2019/07/RM5_Safety-Doors_.jpg", "https://www.edinst.com/wp-content/uploads/2019/07/Microscope.jpg", "https://www.edinst.com/wp-content/uploads/2019/07/sample-stages.gif"], "Application Notes": "RM5 Raman Microscope\n\nConfocal Raman and Photoluminescence Microscopy for Forensic Investigations\nGemstone Identification Using Raman Microscopy\nRaman Microscopy of Graphene\nIdentification of Microplastics Using Raman Spectroscopy\nOptimisation of SERS for Glucose Sensing\n\n\u00a0\n\n\nTechnical Note: Polarised Raman Spectroscopy\n\n\n\u00a0\nYou can find all of our Application Notes here.\n", "Application Notes img": [], "Application Notes link": ["#", "https://www.edinst.com/application-note-confocal-raman-and-photoluminescence-microscopy-for-forensic-investigations/", "https://www.edinst.com/application-note-gemstone-identification-using-raman-microscopy/", "https://www.edinst.com/application-note-raman-microscopy-of-graphene/", "https://www.edinst.com/identification-of-microplastics-using-raman-spectroscopy/", "https://www.edinst.com/optimisation-of-sers-for-glucose-sensing/", "https://www.edinst.com/polarised-raman-spectroscopy/", "https://www.edinst.com/library-categories/application-notes/"], "Downloads": "RM5 Raman Microscope Brochure", "Downloads img": [], "Downloads link": ["#", "https://www.edinst.com/wp-content/uploads/2019/07/EI_RM5-Brochure_12pp_Stg12-WEB-1.pdf"]}