{"Page Title": "Diffraction Gratings", "Introduction": "The monochromators have triple grating turrets allowing up to three diffraction gratings to be permanently mounted within the monochromator. Standard gratings are generally chosen to cover the wavelength range of the detector. However, should you have more stringent requirements, such as requiring finer linear dispersion or an extended wavelength range, other diffraction gratings are available.\n", "Product Description": "The monochromators have triple grating turrets allowing up to three diffraction gratings to be permanently mounted within the monochromator. Standard gratings are generally chosen to cover the wavelength range of the detector. However, should you have more stringent requirements, such as requiring finer linear dispersion or an extended wavelength range, other diffraction gratings are available.\n", "Product Description img": [], "Product Description link": ["#"], "Technical Specifications": "Excitation Monochromator Grating Options\n1800 grooves/mm \u2013 blaze 250 nm\n1800 grooves/mm \u2013 blaze 500 nm\n1200 grooves/mm \u2013 blaze 300 nm\n1200 grooves/mm \u2013 blaze 500 nm\n1200 grooves/mm \u2013 blaze 750 nm\n830 grooves/mm \u2013 blaze 1200 nm\n600 grooves/mm \u2013 blaze 1000 nm\nEmission Monochromator Grating Options\n1800 grooves/mm \u2013 blaze 250 nm\n1800 grooves/mm \u2013 blaze 500 nm\n1200 grooves/mm \u2013 blaze 300 nm\n1200 grooves/mm \u2013 blaze 500 nm\n1200 grooves/mm \u2013 blaze 750 nm\n830 grooves/mm \u2013 blaze 1200 nm\n600 grooves/mm \u2013 blaze 1000 nm\n300 grooves/mm \u2013 blaze 2000 nm\n300 grooves/mm \u2013 blaze 3000 nm\n300 grooves/mm \u2013 blaze 3500 nm\n150 grooves/mm \u2013 blaze 4000 nm\n", "Technical Specifications img": [], "Technical Specifications link": ["#"]}