{"Page Title": "50 W Halogen Lamp", "Introduction": "Replacement halogen lamp for use with the LP920 for transient absorption measurements in the millisecond and second time range.\n", "Product Description": "Replacement halogen lamp for use with the LP920 for transient absorption measurements in the millisecond and second time range. The lamp is suitable for the spectral range above 300 nm, the upper range is limited by the grating used in the system. This lamp is recommended for use in long lifetime measurements (milliseconds and higher). This lamp is required when using the stop flow accessory.\n", "Product Description img": [], "Product Description link": ["#"]}