{"Page Title": "Laser Services", "Introduction": "We pride ourselves on ensuring first class customer care before, during, and after your purchase.\nOur team of professional engineers work closely with our customers to provide effective solutions designed to suit their needs.\nWherever you are in the world, our in-house expertise can be delivered to your door. We provide full service backup on all our own CO/CO2 and FIR products, with a 12-month warranty on any service used.\n", "Product Description": "Emergency and Maintenance Programs/Contracts\nOur Emergency and Preventative Maintenance contracts are designed to enable users to maximise the up time of their Laser System, thereby saving time and money. Maintenance visits can be quarterly, bi-annual or annual.\nStandard Services\nStandard services are\u00a0available at our premises in Scotland, or onsite.\nChoose from a range of services:\nCO2 laser refills, EPL and EPLED diode refit*,\u00a0Optics cleaning and replacement,\u00a0Alignment,\u00a0Calibrations,\u00a0Optimisation,\u00a0Verification,\u00a0 Power supply repair and upgrades,\u00a0Replacement parts/components,\u00a0Vacuum system servicing and upgrades,\u00a0Full repair and service for CO2, CO sealed gas flowing systems and FIR Lasers\n*Factory Service only\nInstallations\nOur Professional Engineers will install or verify your Laser system and provide user training.\n", "Product Description img": [], "Product Description link": ["#"]}