{"Page Title": "Metrology Accessories", "Introduction": "Transmission Fixtures\n\nTXF-1 Transmission Fixture includes 2 UV grade collimating lenses, aligned and fixed 1cm pathlength.\nTXF-4 includes two collimating lenses which allows the sample to be oriented vertically, the standard fixture allows a variable pathlength from 0 to 7cm. Custom posts available\nTXF-IC2 Vertical transmission fixture with variable path length, includes 1 collimating lens and 1 miniature 2\u2033 integrating sphere with 5/8\u2033 port.\n\nReflectance Fixtures \n\nRFX-1 reflectance fixture with integrated 10 watt halogen bulb for VIS-NIR.\nRFX-2 reflectance fixture with integrated 10,000 hour 5 watt halogen bulb for VIS-NIR.\nRFX-3D reflectance from 3 positions is combined using special 3-to-1 fibre for spectrometer.\n\n", "Downloads": "Transmission Fixture SpecificationAdjustable Transmission Fixture SpecificationReflectance Fixture Specification", "Downloads img": [], "Downloads link": ["#", "https://www.edinst.com/wp-content/uploads/2015/08/TXF1-Transmission-Fixture.pdf", "https://www.edinst.com/wp-content/uploads/2015/08/Adjustable-Trans-Reflec-Fixtures.pdf", "https://www.edinst.com/wp-content/uploads/2015/09/RFX-Reflectance-Fixtures.pdf"]}