{
  "Page Title": "395 - Twin Cavity FIR Laser",
  "Introduction": "The 395-FIR features two identical far-infrared (FIR) laser cavities within\u00a0a single 5 bar invar stabilised frame.\nDesigned\u00a0for applications where two FIR outputs are required such as plasma diagnostics, with one frequency offset from the other\u00a0by up to a few MHz.\nBoth FIR cavities of the 395 are pumped by a single high power\u00a0CO2 laser \u2013 the PL6 laser. This\u00a0ensures optimum stability of the Intermediate Frequency (IF).\u00a0A 50/50 beam splitter is used to generate the two identical\u00a0pump beams required.\nIf you would like to integrate a FIR laser with a high power CO2\u00a0laser into one housing\u00a0please see our\u00a0FIRL-100 product.\n\u00a0\n",
  "Product Description": "Far-Infrared (FIR) laser frequencies arise from rotational transitions in an excited vibrational state of a polar gas molecule at low pressure.\nThe optically pumped FIR laser relies on the selective absorption of tuneable infrared radiation to create a population inversion between rotational states and hence generation laser action. In practice, a few molecules are chosen to provide discrete frequencies across the entire FIR spectrum from 40 \u03bcm upwards. Tables of FIR lines are available on request.\n",
  "Product Description img": [],
  "Product Description link": ["#"],
  "Upgrades": "Laser Stabilisers\nFor applications demanding excellent medium and long tern stability, an active stabiliser may be required. This will compensate for laser output fluctuations caused by changes in ambient conditions and lock the variation in laser frequency or power to a value close to the passive jitter. Edinburgh Instruments has designed a family of active stabilisation techniques appropriate to the type of laser and operating conditions. Stabilisation of laser output is possible for up to 60 minutes.\nLaser Pumping and Refilling Systems\nAll flowing gas laser systems are supplied with the necessary valves, gauges and vacuum couplings for simple connection to the system vacuum pump. A range of turbo molecular and dry pumps are available as upgrades. Please contact us for more information.\nGas Mixing Stations\nThese are designed to allow mixing and metering\u00a0of up to 3 component gases from independent gas cylinders.\u00a0Comprising of 3 inlet ports with individual flow meters or needle valves for gas mixing or gas flow operation.\n",
  "Upgrades img": [],
  "Upgrades link": ["#", "/contact-us/"],
  "Downloads": "395-Twin Far Infrared (FIR) Laser Datasheet",
  "Downloads img": [],
  "Downloads link": [
    "#",
    "https://www.edinst.com/wp-content/uploads/2015/08/FIR-Series-Flyer-22.pdf"
  ]
}
