{
  "Page Title": "FLS920 Upgrades",
  "Entry": "The FLS920 Fluorescence Spectrometer is now discontinued. However, we still fully support all upgrades, parts and replacements, servicing and maintenance for\u00a0existing FLS920 systems and customers.\n",
  "\n\t\t\t\tConfiguration Upgrades\t\t\t": "\nDouble Monochromators\nOur systems can be equipped with double monochromators on\u00a0excitation and emission arms. Double monochromators are recommended for highly scattering, low emissive samples as they improve the systems stray light suppression and increase the signal-to-noise ratio.\u00a0A double monochromator in the emission arm allows for up to three detectors mounted simultaneously with software-based selection; two detectors can be fitted after the double monochromator and one after the first of the two monochromators.\n\nGeometries\nIf further detectors are required, the system can be configured in a T-geometry (pictured above) by the addition of a seperate emission monochromator. This configuration can also be useful to provide a digital detection arm and an analogue detection arm.\n",
  "\n\t\t\t\tLight Source Upgrades\t\t\t": "\nXenon Lamps\n450 W continuous wavelength lamps for steady state measurements. The\u00a0excitation range is typically 230 nm to >1700 nm. Ozone generating lamps may be used to increase the lower range to 180 nm.\nMicrosecond Flash Lamp\n\u03bcF1 and \u03bcF2: 5 W or 60 W pulsed xenon microsecond flashlamps producing short microsecond pulses for phosphorescence decay measurements. The excitation range is typically 230 nm to 1000 nm.\nUltrafast Nanosecond Flash Lamp\nnF980: ultrafast nanosecond flashlamp for time-resolved fluorescence studies with decays of 100 ps \u2013 50 us. The excitation range is gas depedent.\nPicosecond Pulsed Diode Lasers and LEDs\nWe manufacture a range of picosecond pulsed laser diodes (EPL Series) and pulsed LEDs (EPLED Series)\u00a0for Time Correlated Single Photon Counting (TCSPC) measurements. Diodes are available over the UV-VIS spectrum starting at 250 nm and are pre-set with a range of repetition frequencies. The driver electronics are built into the light sources, eliminating the need for additional driver boxes and feature true \u201cplug-and-play\u201d usability.\nContinuous Wave (CW) Lasers\nVarious continuous wave lasers for use with the FLS920, FLS980\u00a0and FS5 are available. Some CW laser sources may also be pulsed by the spectrometer to allow, for example, upconversion decays with 808 nm and 980 nm excitation to be measured.\n",
  "\n\t\t\t\tMonochromator Options\t\t\t": "\nDiffraction Gratings\nThe monochromators have triple grating turrets allowing up to three diffraction gratings to be permanently mounted within the monochromator. Standard gratings are generally chosen to cover the wavelength range of the detector. However, should you have more stringent requirements, such as requiring finer linear dispersion or an extended wavelength range, other diffraction gratings are available.\nWe can offer diffraction gratings with a groove density of 150 g/mm up to >1800 g/mm which allows us to cover the range 200 nm \u2013 8000 nm.\n",
  "\n\t\t\t\tDetector Options\t\t\t": "\nPhotomultiplier Tubes (PMTs)\nSingle photon counting detectors comprise a single photon counting photomultiplier, together with an optimised dynode chain, mounted in a light tight cooled or un-cooled housing. The detectors include the coupling flange with the adaptive optics for direct compatibility with all of Edinburgh Instruments\u2019 spectrometers.\nThe following PMTs are available: Standard PMTs up to 1010 nm, High speed PMTs up to 850 nm, MCP-PMT up to 850 nm, NIR-PMTs up to 1700 nm and\u00a0gated PMTs.\nAnalogue Detectors\nAnalogue detectors are used either for high light level applications with the requirement for high dynamic range, or as alternative detectors in spectral ranges where photomultipliers are unavailable or too expensive. Depending on the required application, the analogue detectors come in a variety of housings with a variety of cooling options. Analogue detectors find application either in the FLS or the LP spectrometers\u00a0to extend the spectral coverage into the NIR to 5.5 \u00b5m.\nWe offer detector assemblies that are supplied with PIN diodes with an active area of 3 mm. For steady state fluorescence\u00a0applications the diode is mounted in a two stage TE cooled housing with collection/focusing optics chopper and lock-in. For time-resolved fluorescence or time-resolved phosphorescence\u00a0applications, the diode is supplied in a two stage TE-cooled housing and with a digitising oscilloscope for data collection and averaging. The spectrometer\u2019s software automatically downloads the data to allow automated measurements such as TRES and for further analysis and fitting.\n",
  "\n\t\t\t\tFluorescence Lifetime Upgrades\t\t\t": "\nTCSPC Electronics\nThe TCC2 is an electronics module with USB interface, which incorporates all the electronic modules required for Time-Correlated Single Photon Counting (TCSPC) and Multi-Channel Scaling (MCS). This includes constant fraction discriminators, variable delays, time to amplitude converter and a large memory for multi-channel analysis.\n\u2013 TSCPC time range: 2.5 ns \u2013 50 ms full scale,\u00a0MCS time range: 10 ms \u2013 200 s full scale\n\u2013 Time resolution from 305 fs/channel with\u00a0ultra-low time jitter of 20 ps\nFor full technical specifications please contact us\n",
  "\n\t\t\t\tPhosphorescence Lifetime Upgrades\t\t\t": "\nMCS\u00a0Electronics\nThe CB1 multichannel scaler.\n\u2013 100 MHz counter for spectral measurements (up to 3 channels)\n\u2013 10 ns minimum bin width in time-resolved measurements\n\u2013 variable threshold settings\nFor full technical specifications please contact us\n",
  "\n\t\t\t\tSample Holder Options\t\t\t": "\nLiquids\nSingle Cuvette Holder:\u00a0Temperature adjustable by water/coolant circulation, fitted with integrated probe for sample temperature monitoring by spectrometer operating software. Filter slots provided for holding 50 mm square filters. This sample holder is included as part of the standard system.\nMagnetic Stirrer: Magnetic Stirrer to be fitted to single cuvette holder or 3-position sample turret. The stirrer comprises three stirrer bars and a stand-alone stirrer controller.\nPowders, Thin-Films and Solids\nFront-Face Sample Holders: A range of single position front-face sample holders are available for powders, thin-films and solids. These include linear staged holders, rotational\u00a0holders and clamps. Please contact us for more information.\nMultiple Position Holders\n3-Position Sample Turret: Computer-controlled 3-Position Cuvette Holder on rotational stage. All three positions temperature adjustable by water/coolant circulation, with an integrated temperature probe for sample temperature monitoring by spectrometer operating software.\n",
  "\n\t\t\t\tTemperature Control Options\t\t\t": "\nBath/Refrigerator (-10\u00b0C \u2013 +100\u00b0C): Closed cycle water/coolant bath to be used with water-cooled sample holders. The temperature range is -10\u00b0C to +100\u00b0C. The unit comprises digital display of set and measured temperature. The temperature range at the sample position can be reduced depending on the length and the insulation of the coolant pipes used.\nEPR Dewar (77 K): Liquid nitrogen dewar (quartz) in mounting collar for FLS920 sample chamber with light tight seal, directly compatible to the sample chamber access flange. The dewar housing has a removable lid and built-in filter holders. Two individual EPR quartz sample rods supplied. Sample rod, containing the sample, will be immersed into the liquid nitrogen bath thus cooling the sample to 77K.\nLiquid Nitrogen Cryostat (77 K \u2013 300 K): Oxford Instruments liquid nitrogen cryostat, OptistatDN. The assembly comprises the cryostat head, the temperature controller, and a mounting flange and pedestal, directly compatible to the FLS920 sample holder socket. Includes heater and sensor, cuvette holder, optical sample holder and sample rod. Spectrosil B quartz windows in L-geometry are used. Cryostat can be fully controlled by computer and F980 software.\nNote: Special cryostat versions with windows arranged in T- or X-geometry are available on request.\nLiquid Helium Cryostat (3.4 K \u2013 300 K): Oxford Instruments liquid helium cryostat, OptistatCF. The assembly comprises the cryostat head, the temperature controller, transfer tube and SV12 adaptor, VC31 gas flow controller, GF4 pump, and a mounting flange and pedestal that is directly compatible to the FLS920 holder socket. Includes heater and sensor, cuvette holder, optical sample holder and sample rod. Spectrosil B quartz windows in L-geometry are used. Cryostat can be fully controlled by computer and F980 software.\nNote: Special cryostat versions with windows arranged in T or X-geometry are available on request.\nLiquid Helium Cryostat Extended Temperature Range (3.4 K \u2013 500 K): Oxford Instruments extended temperature range liquid helium cryostat, OptistatCF. The assembly comprises the cryostat head, the ITC503 temperature controller, the LLT600 transfer tube and SV12 adaptor, VC31 gas flow controller, GF4 pump, and a mounting flange and pedestal that is directly compatible to the FLS920 holder socket. All other inclusions as the standard liquid helium cryostat.\nNote: Special cryostat versions with windows arranged in T or X-geometry are available on request.\nClosed Cycle Cryostat Options: (4 K \u2013 300 K, 10 K \u2013 325 K, 6 K \u2013 800 K): Includes helium compressor and hoses, sample exchange time is approximately 2 hours. 1st and 2nd stage cooling down to 10 K.\u00a0Mounting flange and pedestal that is directly compatible to the FLS920 holder socket are included.\nTE Cooled Sample Holder Standard Range (-10\u00b0C \u2013 +105\u00b0C): Thermoelectrically cooled 4-window cuvette holder with controller that enables stable temperature control of samples from -10\u00b0C to +105\u00b0C (-10\u00b0C with dry gas flow, 5\u00b0C without gas flow). The temperature can be held constant with \u00b10.02\u00b0C precision and can be rapidly changed. A magnetic stirrer (without stirrer bars) is included. The TE cooled sample holder is fully controlled by the spectrometer operating software F980.\nTE Cooled Sample Holder Extended Range (-40\u00b0C \u2013 +150\u00b0C): Extended range thermoelectrically cooled 4-window cuvette holder with controller that enables stable temperature control of samples from -40 \u00b0C to +150 \u00b0C (-10 \u00b0C with dry gas flow, 5 \u00b0C without gas flow). The temperature can be held constant with \u00b10.02\u00b0C precision and can be rapidly changed. The temperature range can be extended below -10\u00b0C and above +150\u00b0C with a special cover in place and for temperatures below -10\u00b0C chilled coolant fluid will be required. A magnetic stirrer (without stirrer bars) is included. The TE cooled sample holder is fully controlled by the spectrometer operating software F980.\n",
  "\n\t\t\t\tPolarisation / Anisotropy\t\t\t": "\nStandard Range (220 nm \u2013 900 nm): Glan Thompson polarising prism.\u00a0Spectral range 220 nm \u2013 900 nm.\u00a0The polariser can be manually moved into or out of the beam. The position is recognised by the computer. When in the beam, the polarisation angle is fully computer controlled. Automated anisotropy measurements are possible if both excitation and emission polarisers are present.\nExtended Range (240 nm \u2013 2300 nm): Glan Thompson polarising prism.\u00a0Spectral range 240 nm \u2013 2300 nm. The polariser can be manually moved into or out of the beam. The position is recognised by the computer. When in the beam, the polarisation angle is fully computer controlled. Automated anisotropy measurements are possible if both excitation and emission polarisers are present.\n",
  "\n\t\t\t\tIntegrating Sphere\t\t\t": "\nThe integrating sphere is a demountable accessory for the measurement of fluorescence quantum yields. It is 120 mm in diameter and has an inner surface coated with BenFlect to enable efficient scattering of light over a wide wavelength range. With the integrating sphere, the measurement of fluorescence quantum yields by an absolute method, as well as reflection measurements, are possible on solutions, film and powder samples. Holders for both direct and indirect excitation is provided. Two cuvettes and two powder trays are supplied as part of the sphere accessory.\n\n",
  "\n\t\t\t\tSoftware Upgrade\t\t\t": "\nThe standard F980 software package can be upgraded to include the FAST software package. This is used for advanced fluorescence lifetime analysis and includes features such as lifetime distribution analysis and exponential components analysis. Please click on the link\u00a0to learn more about FAST software or contact us directly.\n",
  "\n\t\t\t\tMicroPL Upgrade\t\t\t": "\nThe MicroPL upgrade allows spectral and time-resolved photoluminescence measurements of samples in the microscopic scale. The FLS1000 is upgraded with a microscope so you can finely tune both the excitation light (illumination) and the detected emission, using widefield or point excitation. The microscope can be supplied as either an upright and inverted microscopes. Imaging cameras are available spanning the spectrum from the visible to the near-infrared, up to 1700 nm. Excitation can be provided by halogen lamps (wide field excitation), picosecond pulsed diode lasers (EPL Series,\u00a0HPL Series) and pulsed LEDs (EPLED Series), supercontinuum sources and Nd:YAG lasers (lasers and semiconductor sources provide point source illumination). Steady state emission spectra and fluorescence lifetime measurements can be obtained from specific spots on your sample, when using appropriate lasers. Lasers can achieve a spot size of ~2 \u03bcm (objective dependent). The optional FLIM add-on includes a computer-controlled XYZ stage and unlocks special features in the Fluoracle software including advanced analysis options for maps, such as multi-component decay fitting algorithms.\n\n",
  "\n\t\t\t\tOther Upgrades\t\t\t": "\nMultiwell Plate Reader\nThe multiwell plate reader is an external module that is attached to the FLS920 to perform spectral or time-resolved measurements on multi-well plates. The multiwell plate reader module is coupled to the FLS920 by means of a bifurcated optical fibre. The control of the module is fully automated from the F980 software, temperature near the well plate is recorded. Spectral range depends on spectrometer configuration and bifurcated fibre assembly. 96 well and 384 wells are available.\n\nTitration Module\nThe titration accessory is based on a dual syringe Hamilton titrator (ML635) that is connected to the computer by RS232. The accessory comprise of two 1 ml syringes, connecting tubing, a flow cuvette and a light tight feed-through into the FLS920 sample chamber. Titration is controlled through the F980 software. Kinetic measurements with manual or automated titration steps and automated multiple spectral scanning are possible.\nStopped-Flow Accessory\nRapid kinetic accessory for multi-mixing capabilities. Comprises sample handling unit, fitted with three 1 ml drive syringes, 600 mm long umbilical, pneumatic drive system and square mixing/observation cuvette with standard dimensions (10 mm). Includes slotted sample chamber lid to allow the cuvette to be fitted to the spectrometer. Manual control.\n"
}
