{"Page Title": "Stopped Flow Accessory", "Introduction": "Rapid kinetic accessory for multi-mixing capabilities. Comprises sample handling unit, fitted with three 1 ml drive syringes, 600 mm long umbilical, pneumatic drive system and square mixing/observation cuvette with standard dimensions (10 mm). Includes slotted sample chamber lid to allow the cuvette to be fitted to the FLS980. Manual control.\n", "Product Description": "Rapid kinetic accessory for multi-mixing capabilities. Comprises sample handling unit, fitted with three 1 ml drive syringes, 600 mm long umbilical, pneumatic drive system and square mixing/observation cuvette with standard dimensions (10 mm). Includes slotted sample chamber lid to allow the cuvette to be fitted to the FLS980. Manual control.\n", "Product Description img": [], "Product Description link": ["#"]}