{"Page Title": "Temperature Control Options", "Introduction": "Temperature control options are available to suit every need. These include:\nA closed cycle water/coolant bath to be used with water cooled sample holders. The temperature range is -10 \u00b0C to +100 \u00b0C.\nA variety of TE Cooled sample holders are available covering the standard range from -10 \u00b0C to +105 \u00b0C or the extended range from -40 \u00b0C to +150 \u00b0C. Other equipment may be required to reach the extremes of the ranges. Multiple cuvettes can be simultaneous cooled with some of the options. Please contact Edinburgh Instruments for more information.\nA liquid nitrogen dewar (quartz) in mounting collar with light tight seal. A sample rod, containing the sample, will be immersed into the liquid nitrogen bath thus cooling the sample to 77 K.\nLiquid nitrogen and liquid helium cryostats are also available with ranges 77-300 K and 3.4 \u2013 300 K. They also have extended versions which extend the temperature range to 500K. The cryostats come with temperature controller, mounting flange and pedestal.\nIf you already have a cryostat it may be possible to integrate it with your spectrometer.\n", "Product Description": "Temperature control options are available to suit every need. These include:\nA closed cycle water/coolant bath to be used with water cooled sample holders. The temperature range is -10 \u00b0C to +100 \u00b0C.\nA variety of TE Cooled sample holders are available covering the standard range from -10 \u00b0C to +105 \u00b0C or the extended range from -40 \u00b0C to +150 \u00b0C. Other equipment may be required to reach the extremes of the ranges. Multiple cuvettes can be simultaneous cooled with some of the options. Please contact Edinburgh Instruments for more information.\nA liquid nitrogen dewar (quartz) in mounting collar with light tight seal. A sample rod, containing the sample, will be immersed into the liquid nitrogen bath thus cooling the sample to 77 K.\nLiquid nitrogen and liquid helium cryostats are also available with ranges 77-300 K and 3.4 \u2013 300 K. They also have extended versions which extend the temperature range to 500K. The cryostats come with temperature controller, mounting flange and pedestal.\nIf you already have a cryostat it may be possible to integrate it with your spectrometer.\n", "Product Description img": [], "Product Description link": ["#"]}