{"Page Title": "Pulsed LEDs - EPLED Series (UV/VIS)", "Introduction": "\nSub-nanosecond pulsed LED light source\nOptimised for TCSPC\nPre-set Repetition Frequencies from 20 KHz to 20 MHz\nExternal Trigger Facility\nOptimised Collimated Beam\nSpectrally Purified Output\nBuilt-In Drive Electronics\n\n", "Product Description": "These picosecond pulsed LEDs are ideal excitation sources for a wide range of spectroscopy applications as well as being stand-alone modules.\nPulsed light emitting diodes of the EPLED series produce sub-nanosecond (typically <1000 ps) optical pulses at repetition rates up to 20 MHz and are therefore ideally suited to Time-Correlated Single Photon Counting (TCSPC) and Multi-Channel Scaling (MCS) measurements. In TCSPC , they bridge the gap between the nanosecond flashlamp and the expensive mode-locked titanium sapphire femtosecond lasers. EPLEDs are fitted with bandpass filters for spectral purity and are available with emission covering the UV-Visible spectrum, starting from 250 nm.\nOther picosecond pulsed light emitting diodes may also be used. Please enquire for integration options that are available.\n\u00a0\n", "Product Description img": [], "Product Description link": ["#", "https://www.edinst.com/techniques/time-resolved-fluorescence/", "https://www.edinst.com/techniques/phosphorescence-lifetime/"], "Technical Specifications": [["", "Overview Specifications"], [[], ["Spectral Widths", "From 9.5 nm"], ["Typical Pulse Widths", "From 790 ps"], ["Typical Average Power @ 10 MHz", "Up to 2.0 \u00b5W"], ["Dimensions", "168 mm (l) x 64 mm (d) x 64 mm (h)"], ["Weight", "800 g"]], "UV Series: \u00a0\u00a0\u00a0\u00a0\u00a0\u00a0\u00a0\u00a0\u00a0\u00a0\u00a0\u00a0\u00a0\u00a0\u00a0\u00a0\u00a0\u00a0\u00a0\u00a0\u00a0\u00a0\u00a0\u00a0\u00a0\u00a0\u00a0\u00a0\u00a0\u00a0\u00a0\u00a0\u00a0\u00a0\u00a0\u00a0\u00a0\u00a0\u00a0\u00a0\u00a0\u00a0\u00a0\u00a0\u00a0\u00a0\u00a0\u00a0\u00a0\u00a0\u00a0\u00a0\u00a0\u00a0\u00a0\u00a0\u00a0\u00a0\u00a0\u00a0\u00a0\u00a0\u00a0\u00a0\u00a0\u00a0\u00a0\u00a0\u00a0\u00a0\u00a0\u00a0\u00a0\u00a0\u00a0\u00a0\u00a0\u00a0\u00a0\u00a0\u00a0\u00a0\u00a0\u00a0\u00a0\u00a0\u00a0\u00a0\u00a0\u00a0\u00a0\u00a0\u00a0\u00a0\u00a0\u00a0\u00a0\u00a0\u00a0\u00a0\u00a0\u00a0\u00a0\u00a0\u00a0\u00a0\u00a0\u00a0\u00a0\u00a0\u00a0\u00a0\u00a0\u00a0\u00a0\u00a0\u00a0\u00a0\u00a0\u00a0\u00a0\u00a0\u00a0\u00a0\u00a0\u00a0\u00a0\u00a0\u00a0\u00a0\u00a0\u00a0\u00a0\u00a0\u00a0\u00a0\u00a0\u00a0\u00a0\u00a0\u00a0\u00a0\u00a0\u00a0\u00a0\u00a0\u00a0\u00a0\u00a0\u00a0\u00a0\u00a0\u00a0\u00a0\u00a0\u00a0\u00a0\u00a0\u00a0\u00a0\u00a0\u00a0\u00a0\u00a0\u00a0\u00a0\u00a0\u00a0\u00a0\u00a0\u00a0\u00a0\u00a0\u00a0\u00a0\u00a0\u00a0\u00a0\u00a0\u00a0\u00a0\u00a0\u00a0\u00a0\u00a0\u00a0\u00a0\u00a0\u00a0\u00a0\u00a0\u00a0\u00a0\u00a0\u00a0\u00a0\u00a0\u00a0\u00a0\u00a0\u00a0\u00a0\u00a0\u00a0\u00a0\u00a0\u00a0\u00a0 250 nm, 255 nm, 260 nm, 265 nm, 270 nm, 280 nm, 295 nm, 300 nm, 310 nm, 320 nm, 340 nm, 365 nm, 380 nm", "VIS Series:\u00a0\u00a0\u00a0\u00a0\u00a0\u00a0\u00a0\u00a0\u00a0\u00a0\u00a0\u00a0\u00a0\u00a0\u00a0\u00a0\u00a0\u00a0\u00a0\u00a0\u00a0\u00a0\u00a0\u00a0\u00a0\u00a0\u00a0\u00a0\u00a0\u00a0\u00a0\u00a0\u00a0\u00a0\u00a0\u00a0\u00a0\u00a0\u00a0\u00a0\u00a0\u00a0\u00a0\u00a0\u00a0\u00a0\u00a0\u00a0\u00a0\u00a0\u00a0\u00a0\u00a0\u00a0\u00a0\u00a0\u00a0\u00a0\u00a0\u00a0\u00a0\u00a0\u00a0\u00a0\u00a0\u00a0\u00a0\u00a0\u00a0\u00a0\u00a0\u00a0\u00a0\u00a0\u00a0\u00a0\u00a0\u00a0\u00a0\u00a0\u00a0\u00a0\u00a0\u00a0\u00a0\u00a0\u00a0\u00a0\u00a0\u00a0\u00a0\u00a0\u00a0\u00a0\u00a0\u00a0\u00a0\u00a0\u00a0\u00a0\u00a0\u00a0\u00a0\u00a0\u00a0\u00a0\u00a0\u00a0\u00a0\u00a0\u00a0\u00a0\u00a0\u00a0\u00a0\u00a0\u00a0\u00a0\u00a0\u00a0\u00a0\u00a0\u00a0\u00a0\u00a0\u00a0\u00a0\u00a0\u00a0\u00a0\u00a0\u00a0\u00a0\u00a0\u00a0\u00a0\u00a0\u00a0\u00a0\u00a0\u00a0\u00a0\u00a0\u00a0\u00a0\u00a0\u00a0\u00a0\u00a0\u00a0\u00a0\u00a0\u00a0\u00a0\u00a0\u00a0\u00a0\u00a0\u00a0\u00a0\u00a0\u00a0\u00a0\u00a0\u00a0\u00a0\u00a0\u00a0\u00a0\u00a0\u00a0\u00a0\u00a0\u00a0\u00a0\u00a0\u00a0\u00a0\u00a0\u00a0\u00a0\u00a0\u00a0\u00a0\u00a0\u00a0\u00a0\u00a0\u00a0\u00a0\u00a0\u00a0\u00a0\u00a0\u00a0\u00a0\u00a0\u00a0\u00a0\u00a0\u00a0\u00a0\u00a0\u00a0\u00a0\u00a0\u00a0 \u00a0 560 nm,\u00a0570 nm,\u00a0590 nm,\u00a0610 nm", "", "Class 2/3R/3B LED product. Avoid exposure to beam. Light emitted by the LED may be harmful to the human eye and to skin. Please obey laser safety regulations. These products comply with the US federal laser product performance standards."], "Technical Specifications img": [], "Technical Specifications link": ["#"], "Downloads": "EPLED Picosecond Pulsed LEDs Datasheet", "Downloads img": [], "Downloads link": ["#", "https://www.edinst.com/wp-content/uploads/2015/08/EPLED-Data-Sheet_Stg03-web.pdf"]}