{"Page Title": "Tuneable VUV Light Source", "Product Description": "Excitation from 110 nm upwards is possible with a CW Deuterium Source and a specially designed nanosecond flashlamp (filled with hydrogen or dueterium) can be used for TCSPC lifetime measurements. The optical path from the excitation monochromator to the sample is also evacuated using a special light guide. The area around the sample is floowed with flowing nitrogen gas to reduce atmospheric absorption of the VUV radiation. The tuneable VUV source is availabe for the FLS980.\n", "Product Description img": [], "Product Description link": ["#"], "Technical Specifications": "Source\n150 W deuterium source (air cooled) with MgF2 window and power supply\nMonochromator\n200 mm focal length f/4.5 holographic grating vacuum monochromator.\nPrecision continuously adjustable entrance and exit slits.\n1200g/mm holographic Al+MgF2 grating.\nHigh resolution drive system for wavelength selection.\nOptics\nCollimating focusing optics\nPump\nFully assembled and ready-to-operate high vacuum pump with integrated vacuum gauge and display. 10-8 mbar (0.75*10-8 Torr) ultimate pressure. Consisting of a grease lubricated turbomolecular pump, oil-free diaphram pump, switchlock with rotary switch for driving the backing pump, turbomolecular pump, vacuum gauge adn power failures venting valve.\nPump Active sensor display range\n1 x 10-10 to 1330 mbar, readout selectable between mbar, Torr and Pascal\nPump Mains connection\n230 V, 50 Hz\nPump Dimensions\n430 mm x 456 mm x 420 mm\nPump Weight\n27 kg\n", "Technical Specifications img": [], "Technical Specifications link": ["#"]}