{"Page Title": "Dual Detector Super Range", "Introduction": "\nDual Detector Super Range (DSR) for measurements from 200 nm -2300 nm\nTwo instruments work as one updating spectral graph\nOptions for up to 8 channels\nPlug & play with Windows XP/Vista/7/8\nHigh Speed USB-2 interfaces\n\n", "Product Description": "Dual-Detector Super Range (DSR) spectrometer systems combine two instruments to cover the ultra violet, visible and near infrared portions of the electromagnetic spectrum.\nThe two instruments work as one creating a unified spectral graph over the entire wavelength region, 200 nm \u2013 2300 nm.\u00a0 The two instruments employ both a UV-VIS detector array and NIR-InGaAs array in order to cover the entire range. 2048 element UV-VIS detector with the option of 512 or 1024 elements in the NIR.\nVarious models allow for ranges from 200-1700, 280-1700, or 200-2300nm depending on the measurement specifications required.\nThese\u00a0spectrometers are ruggedized for field or lab process measurements. A Miniature USB-Hub provides instrument PC interface.\u00a0 The Dual-DSR system has many applications for spectroradiometry, food and drug QA/QC, and chemical process measurements due to its ability to probe the near infrared while simultaneously measuring sample UV and color spectrum.\nThese units are extremely ruggedized.\u00a0 The detector is bolted in position and military grade epoxy holds optics in place, making the instruments vibration tolerant, durable, and suitable for just about any lab and/or field measurement. A multi-band filter is integrated into the spectrograph to provide order sorting and prevent optical aliasing.\nThe instruments optical input is attached via standard SMA-905 connector, using single strand fiber optic cable with typical silica core diameters of 400 um, 600 um, 1000 um.\n", "Product Description img": [], "Product Description link": ["#"], "Downloads": "Dual Detector Super Range Spectrometers Full Specification", "Downloads img": [], "Downloads link": ["#", "https://www.edinst.com/wp-content/uploads/2015/09/DUAL-DSR-app-note.pdf"]}