{"Page Title": "CO Laser (5.2 \u03bcm - 6.0 \u03bcm)", "Introduction": "The PL series of continuous wave (CW), grating tuned, infrared gas lasers, sets the standards for high power, stable sources for a wide variety of applications:\n\nMolecular spectroscopy\nNon-linear optics\nInterferometry\nProcess control\nAtmospheric studies\nPlasma density measurements\n\n", "Product Description": "The infrared has long been dubbed the \u201cCinderella\u201d spectral region due to the low level of blackbody emission at long wavelengths but this was changed with the development\u00a0of carbon dioxide (CO2) and carbon monoxide (CO) lasers.\nOur PL3 model is unprecedented in today\u2019s market.\u00a0It operates as either a CO2 (output power up to 25 W) or\u00a0CO (with output >1 W over the range 5.1 \u03bcm \u2013 6.0 \u03bcm) laser.\u00a0Using different isotopic gas fills the PL3 laser can give\u00a0up to 1,000 lines across the infrared.\nThe PL3 laser operates sealed off on low gain CO transitions\u00a0in the range 5.2 \u03bcm to 6.0 \u03bcm under hazard free, near room temperature conditions. It features a UHV sealed, split discharge tube with both the diffraction grating and piezo-mounted output coupler within the vacuum envelope for lowest loss operation.\nThe PL3 gas is user replenishable. By changing the cavity optics and gas mixture, the PL3\u00a0can be converted into a tuneable CO2 laser covering the 9\u03bcm to 11\u03bcm region. Typical single line powers are 1 W\u00a0CO and 20 W CO2. The PL3 is driven by the compact, LPS-D dual output switch mode power supply.\n\u00a0\n", "Product Description img": [], "Product Description link": ["#", "/products/co2-gas-lasers-9-1-%ce%bcm-10-9-%ce%bcm/"], "Technical Specifications": [["Specification", "CO (5.2 \u00b5m \u2013 6.0 \u00b5m)"], [[], ["Model Name", "PL3 CO"], ["Output Power \u2013 flowing (W)", "\u2013"], ["Output Power \u2013 sealed (W)", "1"], ["Number of Lines", "60"], ["M2", "n/a"], ["Beam Divergence \u2013 1/e2 (mrad)", "3.5"], ["Beam Diameter \u2013 1/e2 (mm)", "5.0"], ["Polarisation", "Horizontal"], ["Amplitude Stability", "<\u00b11%"], ["Frequency Stability (kHz/sec)", "60"], ["Frequency Stability (actively stabilised) (MHz/10min)", "n/a"], ["Cavity Length (cm)", "178"], ["Dimensions (L) (cm)", "221"], ["Dimensions (W) (cm)", "52"], ["Dimensions (H) (cm)", "37"], ["Weight (kg)", "100"], ["Gas Requirements", "Sealed / user replenishible"]], "", "Tuning mechanism: Piezo-ceramic length tuner and diffraction grating wavelength selection"], "Technical Specifications img": [], "Technical Specifications link": ["#"], "Upgrades": "Laser Stabilisers\nFor applications demanding excellent medium and long tern stability, an active stabiliser may be required. This will compensate for laser output fluctuations caused by changes in ambient conditions and lock the variation in laser frequency or power to a value close to the passive jitter. Edinburgh Instruments has designed a family of active stabilisation techniques appropriate to the type of laser and operating conditions. Stabilisation of laser output is possible for up to 60 minutes.\nLaser Pumping and Refilling Systems\nAll flowing gas laser systems are supplied with the necessary valves, gauges and vacuum couplings for simple connection to the system vacuum pump. A range of turbo molecular and dry pumps are available as upgrades. Please contact us for more information.\nGas Mixing Stations\nThese are designed to allow mixing and metering\u00a0of up to 3 component gases from independent gas cylinders.\u00a0Comprising of 3 inlet ports with individual flow meters or needle valves for gas mixing or gas flow operation.\n", "Upgrades img": [], "Upgrades link": ["#", "/contact-us/"], "Downloads": "PL Series - CO / CO2 Gas Laser Datasheet", "Downloads img": [], "Downloads link": ["#", "https://www.edinst.com/wp-content/uploads/2015/08/PL-Series-technical-specs-22.pdf"]}