{"Page Title": "60\u00a0W Microsecond Flashlamp", "Product Description": "The \u00b5F2 is a pulsed xenon microsecond flashlamp producing short \u2013 typically a few \u00b5s \u2013 high irradiance optical pulses at repetition rates up to 100 Hz. As a result, this is an ideal source for phosphorescence decay measurements in the range from microseconds to seconds.\n", "Product Description img": [], "Product Description link": ["#"], "Technical Specifications": "Average Power: 60 W\nOptical Pulse Width: 1.5 \u2013 2.5 \u00b5s\n", "Technical Specifications img": [], "Technical Specifications link": ["#"]}