{
  "Page Title": "Products",
  "Entry": "Designed to meet the ever-increasing demand for fast, accurate, and reliable measurements, the modular and straightforward architecture of our instruments gives you the choice and flexibility to build a system to suit your current, and future applications with utmost precision. The superior quality and design of our products guarantees you receive the highest performance and specifications to advance your research to the fullest. Download our molecular spectroscopy overview or contact one of our sales team who will be happy to discuss your requirements.\n",
  "Fluorescence Spectrometers": "Our experience and expertise as manufacturers of fluorescence spectrometers is second to none. Spanning more than 50 years, we have over 1000 high-end spectrometers installed in universities and leading research laboratories worldwide. Our sales team would be delighted to assist you with your fluorescence spectroscopy analysis and instrumentation requirements. For further information on our range of fluorescence spectrometers, why not contact us at: sales@edinst.com.\nDownload our Photoluminescence Product Overview\u00a0\n",
  "Fluorescence Spectrometers img": "https://www.edinst.com/wp-content/uploads/2022/02/FLS1000-Feb22.jpg",
  "Fluorescence Spectrometers link": "https://www.edinst.com/types/fluorescence-spectrometers/",
  "Raman Microscopes": "Edinburgh Instruments has been providing high performance instrumentation in the Molecular Spectroscopy market for almost 50 years. Our Precision Raman microscopes continue our commitment to offering the highest quality and sensitivity instruments. For further information on our Raman Microscope, simply contact our sales team, sales@edinst.com, who will be delighted to help.\nDownload our Raman Product Overview.\n",
  "Raman Microscopes img": "https://www.edinst.com/wp-content/uploads/2019/07/RM5-Feb22.jpg",
  "Raman Microscopes link": "https://www.edinst.com/types/raman-microscopes/",
  "UV-Vis Spectrophotometers": "Edinburgh Instruments high performance DS5 Dual Beam UV-Vis Spectrophotometer measures absorption and transmission as a function of wavelength. It is suitable for many analytical applications where accuracy and precision measurements are key to your results. Our sales team would be delighted to assist you with your Spectrophotometry enquiries, simply drop them a quick email at sales@edinst.com.\nDownload our\u00a0Absorption product overview.\n",
  "UV-Vis Spectrophotometers img": "https://www.edinst.com/wp-content/uploads/2022/02/DS5-Feb22.jpg",
  "UV-Vis Spectrophotometers link": "https://www.edinst.com/types/uv-vis-spectrophotometers/",
  "Transient Absorption": "Our Transient absorption spectrometers use a powerful\u00a0set of techniques used to identify\u00a0electronic and structural characteristics of short-lived excited states (transient states) of photochemically/photophysically relevant molecules. Our sales team will be delighted to assist you with your enquiries. Please contact them on sales@edinst.com or\u00a0download our Absorption product overview.\n\u00a0\n",
  "Transient Absorption img": "https://www.edinst.com/wp-content/uploads/2022/02/LP980-Feb22.jpg",
  "Transient Absorption link": "https://www.edinst.com/types/transient-absorption-spectrometers/",
  "FTIR Spectrometers": "Fourier Transform Infrared (FTIR) spectroscopy is a non-destructive analytical technique that can be applied to solid, liquid, and gas samples. Measuring the mid-IR spectral range, from 4,000 cm-1 to 400 cm-1, the technique detects vibrational transitions of molecules, therefore an FTIR spectrum contains vibrational information on the sample studied.\nFor further information on our FTIR spectrometer, simply contact our sales team, sales@edinst.com, who will be delighted to help. Download our\u00a0Absorption product overview.\n",
  "FTIR Spectrometers img": "https://www.edinst.com/wp-content/uploads/2023/01/IR5-Product-Box-STG02a.jpg",
  "FTIR Spectrometers link": "https://www.edinst.com/types/ftir-spectrometers/",
  "Lasers and LEDs": "",
  "Lasers and LEDs img": "https://www.edinst.com/wp-content/uploads/2022/02/Lasers-GROUP-Feb22.jpg",
  "Lasers and LEDs link": "https://www.edinst.com/types/lasers-and-leds/",
  "Customisation & Ex-Demo": "",
  "Customisation & Ex-Demo img": "https://www.edinst.com/wp-content/uploads/2022/02/Customisation-Ex-Demo-Feb22.jpg",
  "Customisation & Ex-Demo link": "https://www.edinst.com/types/customisation-ex-demo/",
  "Software": "",
  "Software img": "https://www.edinst.com/wp-content/uploads/2022/02/Software-Feb22.jpg",
  "Software link": "https://www.edinst.com/types/software/",
  "Upgrades": "",
  "Upgrades img": "https://www.edinst.com/wp-content/uploads/2022/02/Upgrades-Feb22.jpg",
  "Upgrades link": "https://www.edinst.com/types/upgrades/",
  "Accessories": "",
  "Accessories img": "https://www.edinst.com/wp-content/uploads/2022/02/Accessories-Feb22.jpg",
  "Accessories link": "https://www.edinst.com/types/accessories/",
  "Fibre Optic Spectrometers": "",
  "Fibre Optic Spectrometers img": "https://www.edinst.com/wp-content/uploads/2022/09/STELLAR_BLUEWAVE_PRODUCTBOX.png",
  "Fibre Optic Spectrometers link": "https://www.edinst.com/types/compact-fibre-optics-spectrometers/"
}
