{"Page Title": "Radiometry Accessories", "Introduction": "Cosine Receptors couple to fibre optic cables and collect light with an 180\u00b0 field of view using demountable diffusers.\nA perfect cosine response provides accurate absolute intensity when multiple lights are measured at same time.\nCosine receptors provide relative and absolute spectral intensity measurements, for emissive color applications, and for evaluation of light sources such as the Sun, Lamps, LEDs and Lasers.\n", "Downloads": "Light receptors (cosine) SpecificationIntegrating spheres Specification", "Downloads img": [], "Downloads link": ["#", "https://www.edinst.com/wp-content/uploads/2015/09/Cosine-Receptors.pdf", "https://www.edinst.com/wp-content/uploads/2015/09/Integrating-Spheres-Tubes.pdf"]}