{"Page Title": "Double Monochromators", "Introduction": "Our systems can be equipped with double monochromators on either or both excitation and emission arms. The use of double monochromators increases the linear dispersion, and stray light suppression is improved over that achieved by single monochromators to give better signal to noise ratios. \u00a0A double monochromator in the emission arm allows for up to three detectors mounted simultaneously with software-based selection; two detectors can be fitted after the double monochromator and one after the first of the two monochromators.\n", "Product Description": "Our systems can be equipped with double monochromators on either or both excitation and emission arms. The use of double monochromators increases the linear dispersion, and stray light suppression is improved over that achieved by single monochromators to give better signal to noise ratios. \u00a0A double monochromator in the emission arm allows for up to three detectors mounted simultaneously with software-based selection; two detectors can be fitted after the double monochromator and one after the first of the two monochromators.\n", "Product Description img": [], "Product Description link": ["#"]}