{"Page Title": "LP980 Transient Absorption Spectrometer", "Introduction": "\nAll-in-One spectrometer for Transient Absorption and\u00a0Laser-Induced Fluorescence\nTransients can be measured up to 2.55 \u00b5m to cover a wide range of samples and sample types\nIntegrated ICCD allows transient spectra to measured within\u00a0one laser flash\nAdvanced software package for complete computer control of all components and measurements\n\n", "Product Description": "The LP980 spectrometer sets the standard for technical performance required in a premier research instrument, offering unsurpassed measurement capabilities across a broad range of chemical, physical and biological applications.\nKinetic (K) and Spectral (S) Mode\nAt the heart of the LP980 is a fully integrated and sophisticated transient absorption spectrometer. It uses the pump-probe technique for measuring transient kinetics and sepctra. In kinetic mode (K) a single point detector is used to measure the transient kinetics at a single wavelength (spectra can be built up by automated scanning over a wavelength range and slicing the data).\u00a0In spectral mode (S) a gated intensified CCD is used to capture the whole spectrum in the presence and absence of the pump laser pulse, meaning the whole spectrum can be generated after one laser pulse.\u00a0The LP980 spectrometer has a dual sample chamber that enables users to reliably and accurately measure transient chemical and biological species up to 2.55 \u00b5m using the pump-probe technique AND laser-induced fluorescence\u00a0lifetimes down to nanosecond time ranges.\nTransverse sample excitation geometry comes as standard. Thin-film, diffuse reflection,\u00a0fluorescence and phosphorescence lifetime measurement accessories are available as options.\nOur tried and tested advanced software, the L900 package, is capable of dual mode measurement removing the need to make any manual mechanical adjustments. The software has an easy-to-use graphical user interface that simplifies a users ability to take measurements easily. Users can comprehensively manipulate data and perform analysis routines.\nEnquiries for the LP980 Spectrometer\nFor further information on the LP980 spectrometer, or to enquire, please contact a member of our sales team at sales@edinst.com.\n", "Product Description img": [], "Product Description link": ["#", "/products/l900-software/", "mailto:sales@edinst.com"], "Technical Specifications": [["LP980 Base Configuration", "Specification", "LP980-K (Kinetic Mode) \u2013 for lifetime transient decay measurements at a single wavelength", "Specification", "LP980-KS (Kinetic & Spectral Mode) \u2013 for lifetime transient decay measurements AND spectral measurements of the decay process)", "Specification", "LP980 Upgrade Options", "Specification"], [[], ["Monochromator", "Czerny-Turner with triple grating turret, 325 mm focal length, 25 \u00b5m to 10 mm computer-controlled (continuously adjustable) motorised slits"], ["Laser Excitation Source", "Flashlamp pumped Q-switched Nd:Yag laser operating at 1064 nm, 532 nm, 355 nm or 266 nm. OPO, tuneable in the range 410 nm \u2013 710 nm (signal). Idler and UV doubler options possible"], ["", "We can supply a fully integrated laser, please contact us for more information"], ["Sample Geometry", "Transverse sample excitation geometry included as standard"], [], ["Grating", "Plane ruled grating, 1800 g/mm, 500 nm blaze as standard"], ["Dispersion", "1.8 nm/mm"], ["Spectral Range", "200 nm \u2013 870 nm"], ["Spectral Resolution", "0.1 nm"], ["Sensitivity", "\u0394OD 0.002 (single shot \u2013 fast detector option, PMT), \u0394OD 0.0005 (single shot \u2013 slow detector option, ICCD)"], ["Detector Type", "Photomulitplier (PMT) with 5 stage dynode chain for high current linearity"], ["Detector Impedance", "50 \u03a9 (amplified \u2013 fast detector, <3 ns rise time), 1 k\u03a9 (slow detector, <100 \u00b5s rise time)"], [], ["Grating", "Kinetic mode grating plus an additional plane ruled grating: 150 g/mm, 500 nm blaze supplied"], ["Dispersion", "21.6 nm/mm"], ["Spectral Coverage", "540 nm (active horizontal ICCD dimension: 25 mm)"], ["Spectral Resolution", "0.56 nm (spectral coverage / 960 pixels)"], ["Sensitivity", "\u0394OD 0.0005 single shot"], ["Detectors", "Kinetic mode PMT plus an additional image intesified CCD camera (ICCD) supplied"], ["Min. Optical Gate Width", "7 ns (FWHM)"], ["Active Pixels", "960 x 256"], ["Active Area", "25 mm x 6.7 mm"], ["Cooling", "-20\u00b0C as standard (-35\u00b0C with additional water circulation)"], [], ["Gratings", "A variety of gratings with 150 g/mm \u2013 2400 g/mm, optimised from UV through to NIR"], ["Sample Holders", "Cross-beam geometry, diffuse reflectance, thin-film accessory"], ["Detectors", "InGaAs detectors (900 nm \u2013 2550 nm) for NIR range are available"]], "", "", "", ""], "Technical Specifications img": [], "Technical Specifications link": ["#", "https://www.edinst.com/contact-us/"], "Software": "The L900 software package controls both the LP980-K, kinetic mode operation, as well as the LP980-KS, kinetic and spectral mode operation. This ensures full compatibility between the two modes as well as a user friendly software environment for systems able to operate in either mode.\nThe user can view pixel bitmaps of the CCD image to assess the quality of the image at the ICCD photocathode. This is particularly useful for setup and optimisation purposes prior to measurement sequences. For standard measurements 2D images of the raw data and the resulting optical densities are the preferred plot options.\nComprehensive spectral calibration features are available, and automatic software subtraction of camera dark noise is provided. A variety of different spectral measurement and correction options can be made. For example, with the probe shutter permanently closed normal time resolved emission spectra are taken. If a measurement sequence is made with a fixed gain and fixed gate width, but with incremental increase of the gate delay, a map of time resolved spectra is automatically generated. These can be sliced to produce kinetic decays at a given wavelength.\nUpgrade to our FLASH software package for advanced transient absorption curve fitting.\n", "Software img": ["https://www.edinst.com/wp-content/uploads/2015/08/spectral-image-of-lamp-300x209.png"], "Software link": ["#", "/products/l900-software/", "https://www.edinst.com/wp-content/uploads/2015/08/spectral-image-of-lamp.png", "/products/flash-software-advanced-transient-absorption-curve-fitting/"], "Upgrades": "\n\n\t\t\t\tEmission Kinetics and Spectra Upgrade\t\t\t\n\nIntensified Charge-Coupled Device (ICCD) Camera\nThe generation of spectra in kinetic mode by successive measurement at different wavelengths requires many excitation flashes. This can be problematic due to photo-degradation and stability of the sample over time. This can be overcome by upgrading to spectral mode\u00a0and fitting an ICCD onto the instrument.\n\nThe ICCD detector has a high dynamic range and an ultra-low readout noise and can be controlled by the L900 software.\nSpectral Range: 180 nm \u2013 850 nm (W-AGT photocathode)\nMinimum Optical Gate Width: 7 ns\nCCD Camera Specification\nFull Number of Pixels: 1024 x 256\nNumber of Active Pixels: 960 x 255\nActive Area: 25 mm x 6.7 mm\nCooling: -30\u00b0C (-40\u00b0C with additional coolant circulation)\n\n\n\n\t\t\t\tMeasurement Techniques Upgrades\t\t\t\n\nLiquids\nCross-Beam Geometry: Standard sample holder of the LP980. Laser beam and probe beam intersect perpendicular at the sample position. The sample holder is designed to accept standard fluorescence cuvettes. Cuvettes can be positioned so that the probe beam passes through the centre of the cuvette or close to the surface of the incoming laser beam. The sample can be cooled by an external water circulator.\nSolids and Powders (non-transparent)\nDiffuse Reflectance: A sample holder for solid, non-transparent samples to be measured in Laser Flash Photolysis. This option requires samples to show significant diffuse scattering.\nGases and Low Density Liquids\nQuasi Co-Linear Optics: A sample holder for low density liquid samples or gas samples to be measured in Laser Flash Photolysis. Laser beam and probe beam intersect in the sample in an angle of 3 degrees.\nStop-Flow Accessory\nRapid kinetic accessory for manual multi-mixing of samples capabilities. Comprises sample handling unit fitted with three 1 mL drive syringes, 600 mm long umbilical, manually operated drive, square mixing/observation cuvette with standard dimensions (10 mm path way). The stop-flow accessory can be computer-controlled as an option.\nNote: This accessory can be used only with the halogen lamp as this is designed for ultimate long-term stability compared to arc-lamps.\n\n\n\n\t\t\t\tTemperature Control Options\t\t\t\n\nBath/Refrigerator (-10\u00b0C \u2013 +100\u00b0C): Closed cycle water/coolant bath to be used with water-cooled sample holders. The temperature range is -10\u00b0C to +100\u00b0C. The unit comprises digital display of set and measured temperature. The temperature range at the sample position can be reduced depending on the length and the insulation of the coolant pipes used.\nLiquid Nitrogen Cryostat (77 K \u2013 300 K): Oxford Instruments liquid nitrogen cryostat, OptistatDN. The assembly comprises the cryostat head, the temperature controller, and a mounting flange and pedestal, directly compatible to the LP980 sample holder socket. Includes heater and sensor, cuvette holder, optical sample holder and sample rod. Spectrosil B quartz windows are used. Cryostat can be fully controlled by computer and\u00a0L900 software.\nLiquid Helium Cryostat (3.4 K \u2013 300 K): Oxford Instruments liquid helium cryostat, OptistatCF. The assembly comprises the cryostat head, the temperature controller, transfer tube and SV12 adaptor, VC31 gas flow controller, GF4 pump, and a mounting flange and pedestal that is directly compatible to the LP980 holder socket. Includes heater and sensor, cuvette holder, optical sample holder and sample rod. Spectrosil B quartz windows are used. Cryostat can be fully controlled by computer and L900 Software.\nLiquid Helium Cryostat Extended Temperature Range (3.4 K \u2013 500 K): Oxford Instruments extended temperature range liquid helium cryostat, OptistatCF. The assembly comprises the cryostat head, the ITC503 temperature controller, the LLT600 transfer tube and SV12 adaptor, VC31 gas flow controller, GF4 pump, and a mounting flange and pedestal that is directly compatible to the LP980 holder socket. All other inclusions as the standard liquid helium cryostat.\nTE Cooled Sample Holder Standard Range (-10\u00b0C \u2013 +105\u00b0C): Thermoelectrically cooled 4-window cuvette holder with controller that enables stable temperature control of samples from -10\u00b0C to +105\u00b0C (-10\u00b0C with dry gas flow, 5\u00b0C without gas flow). The temperature can be held constant with \u00b10.02\u00b0C precision and can be rapidly changed. A magnetic stirrer (without stirrer bars) is included. The TE cooled sample holder is fully controlled by the spectrometer operating software L900.\nTE Cooled Sample Holder Extended Range (-40\u00b0C \u2013 +150\u00b0C): Extended range thermoelectrically cooled 4-window cuvette holder with controller that enables stable temperature control of samples from -40 \u00b0C to +150 \u00b0C (-10 \u00b0C with dry gas flow, 5 \u00b0C without gas flow). The temperature can be held constant with \u00b10.02\u00b0C precision and can be rapidly changed. The temperature range can be extended below -10\u00b0C and above +150\u00b0C with a special cover in place and for temperatures below -10\u00b0C chilled coolant fluid will be required. A magnetic stirrer (without stirrer bars) is included. The TE cooled sample holder is fully controlled by the spectrometer operating software L900.\n\n\n\n\t\t\t\tSpectral Range Upgrades\t\t\t\n\nExtended Range\u00a0PMTs\nExtended Red-Sensitive Photomultiplier (200 nm \u2013 1010 nm):\u00a0photomultiplier in standard LP920 housing. Detector response width of 7 ns, integrated with high voltage power supply.\nInGaAs Detectors (NIR Range)\nA range of InGaAs detectors are available that cover the range 900 nm \u2013 2550 nm. For more details please contact us.\n\n\n\n\t\t\t\tSoftware Upgrade\t\t\t\n\nThe standard\u00a0L900 software package can be upgraded to include the FLASH software package. This is used for advanced transient absorption curve fitting and includes features such as lifetime distribution analysis and exponential components analysis. Please click on the link\u00a0to learn more about FLASH software or contact us directly.\n\n\n\n", "Upgrades img": ["https://www.edinst.com/wp-content/uploads/2015/10/istar-300x236.jpg"], "Upgrades link": ["#", "https://www.edinst.com/wp-content/uploads/2015/10/istar.jpg", "/products/l900-software/", "/products/l900-software/", "/products/l900-software/", "/products/l900-software/", "/products/l900-software/", "https://www.edinst.com/contact-us/", "/products/l900-software/", "/products/flash-software-advanced-transient-absorption-curve-fitting/", "/contact-us/"], "Application Notes": "LP980 Transient Absorption Spectrometer\n\nTemperature Dependent Triplet States of Benzophenone; Spectral and Lifetime Measurements Utilising Transient Absorption Spectroscopy\nUnderstanding the Light-Harvesting Photosystem II; Utilising Transient Absorption to Study a Molecular Triad\u2019s Photoinduced Electron Transfer Reactions\nKinetics of Photocatalysis Reactions Studied by Transient Absorption Spectroscopy\nSWCNT: Photogenerated Excited States in Solubillized Single-Wall Carbon Nanotubes; Transient Absorption and Oxygen Dependence of the Triplet\n\n\u00a0\nYou can find all of our Application Notes\u00a0here.\n", "Application Notes img": [], "Application Notes link": ["#", "https://www.edinst.com/temperature-dependent-triplet-states-of-benzophenone/", "https://www.edinst.com/applications/utilizing-transient-absorption-to-study-a-molecular-triads-photoinduced-electron-transfer-reactions/", "https://www.edinst.com/kinetics-of-photocatalysis-reactions/", "https://www.edinst.com/swcnt-research-highlight/", "https://www.edinst.com/library-categories/application-notes/"], "Downloads": "LP980 Transient Absorption Spectrometer BrochureLP980 Transient Absorption Spectrometer Flyer/Data SheetAbsorption Product Overview", "Downloads img": [], "Downloads link": ["#", "https://www.edinst.com/wp-content/uploads/2015/07/LP980-Transient-Absorption-Spectrometer-Brochure.pdf", "https://www.edinst.com/wp-content/uploads/2015/07/LP980-Series-Flyer_Web.pdf", "https://www.edinst.com/wp-content/uploads/2023/04/WEB-Absorption-Product-Overview_FINAL.pdf"]}