{
  "Page Title": "LifeSpec II Upgrades",
  "Entry": "The upgrade options are modifications or additions to the main body of the LifeSpec II. All upgrades are best installed at the time of manufacture, but they can also be retro-fitted by a qualified service engineer during an on-site visit.\nAll the standard features of the LifeSpec II are retained when an upgrade option has been added. Many of the options can be combined allowing for outstanding flexibility for an instrument of this class.\n",
  "\n\t\t\t\tLasers & LEDs Upgrades\t\t\t": "\nExcitation Sources\nPicosecond Pulsed Diode Lasers and LEDs: We manufacture a range of picosecond pulsed laser diodes (EPL Series)\u00a0and LEDs (EPLED Series)\u00a0for Time-Correlated Single Photon Counting (TCSPC) measurements. Diodes are available over the UV-VIS spectrum starting at 250 nm and are pre-set with a range of repetition frequencies. The driver electronics are built into the light sources, making them easier to share between colleagues.\nTi:Sapphire Laser Integration:\u00a0Radiation of Ti:Sapphire lasers with frequency doubling/tripling and pulse picker can be used for sample excitation. A trigger pick-up accesory can also be supplied. A Ti:Sapphire laser for TCSPC measurements can provide a short pulse width, high repetition rate (~80 MHz) and tunability.\nSuperContinuum Laser Integration: A supercontinuum laser can be fitted with a special wavelength selection package that allows computer controlled wavelength and spectral bandwidth selection. This package also has an integrated and optimised\u00a0laser synchronisation trigger pick-up.\n",
  "\n\t\t\t\tSample Holder Options\t\t\t": "\nLiquids\nSingle Cuvette Holder:\u00a0Temperature adjustable by water/coolant circulation, fitted with integrated probe for sample temperature monitoring by spectrometer operating software. Filter slots provided for holding 50 mm square filters. This sample holder is included as part of the standard system.\nPowders, Thin-Films and Solids\nFront-Face Sample Holders: A range of single position front-face sample holders are available for powders, thin-films and solids. These include linear staged holders, rotational\u00a0holders and clamps. Please contact us for more information.\nMultiple Position Holders\n3-Position Sample Turret: Computer-controlled 3-Position Cuvette Holder on rotational stage. All three positions temperature adjustable by water/coolant circulation, with an integrated temperature probe for sample temperature monitoring by spectrometer operating software.\n",
  "\n\t\t\t\tTemperature Control Options\t\t\t": "\nBath/Refrigerator (-10\u00b0C \u2013 +100\u00b0C): Closed cycle water/coolant bath to be used with water-cooled sample holders. The temperature range is -10\u00b0C to +100\u00b0C. The unit comprises digital display of set and measured temperature. The temperature range at the sample position can be reduced depending on the length and the insulation of the coolant pipes used.\nEPR Dewar (77 K): Liquid nitrogen dewar (quartz) in mounting collar for LifeSpec-II sample chamber with light tight seal, directly compatible to the sample chamber access flange. The dewar housing has a removable lid and built-in filter holders. Two individual EPR quartz sample rods supplied. Sample rod, containing the sample, will be immersed into the liquid nitrogen bath thus cooling the sample to 77K.\nLiquid Nitrogen Cryostat (77 K \u2013 300 K): Oxford Instruments liquid nitrogen cryostat, OptistatDN. The assembly comprises the cryostat head, the temperature controller, and a mounting flange and pedestal, directly compatible to the LifeSpecII sample holder socket. Includes heater and sensor, cuvette holder, optical sample holder and sample rod. Spectrosil B quartz windows in L-geometry are used. Cryostat can be fully controlled by computer and F980 software.\nNote: Special cryostat versions with windows arranged in T- or X-geometry are available on request.\nLiquid Helium Cryostat (3.4 K \u2013 300 K): Oxford Instruments liquid helium cryostat, OptistatCF. The assembly comprises the cryostat head, the temperature controller, transfer tube and SV12 adaptor, VC31 gas flow controller, GF4 pump, and a mounting flange and pedestal that is directly compatible to the LifeSpec II holder socket. Includes heater and sensor, cuvette holder, optical sample holder and sample rod. Spectrosil B quartz windows in L-geometry are used. Cryostat can be fully controlled by computer and F980 software.\nNote: Special cryostat versions with windows arranged in T or X-geometry are available on request.\nLiquid Helium Cryostat Extended Temperature Range (3.4 K \u2013 500 K): Oxford Instruments extended temperature range liquid helium cryostat, OptistatCF. The assembly comprises the cryostat head, the ITC503 temperature controller, the LLT600 transfer tube and SV12 adaptor, VC31 gas flow controller, GF4 pump, and a mounting flange and pedestal that is directly compatible to the LifeSpec II holder socket. All other inclusions as the standard liquid helium cryostat.\nNote: Special cryostat versions with windows arranged in T or X-geometry are available on request.\nTE Cooled Sample Holder Standard Range (-10\u00b0C \u2013 +105\u00b0C): Thermoelectrically cooled 4-window cuvette holder with controller that enables stable temperature control of samples from -10\u00b0C to +105\u00b0C (-10\u00b0C with dry gas flow, 5\u00b0C without gas flow). The temperature can be held constant with \u00b10.02\u00b0C precision and can be rapidly changed. A magnetic stirrer (without stirrer bars) is included. The TE cooled sample holder is fully controlled by the spectrometer operating software F980.\nTE Cooled Sample Holder Extended Range (-40\u00b0C \u2013 +150\u00b0C): Extended range thermoelectrically cooled 4-window cuvette holder with controller that enables stable temperature control of samples from -40 \u00b0C to +150 \u00b0C (-10 \u00b0C with dry gas flow, 5 \u00b0C without gas flow). The temperature can be held constant with \u00b10.02\u00b0C precision and can be rapidly changed. The temperature range can be extended below -10\u00b0C and above +150\u00b0C with a special cover in place and for temperatures below -10\u00b0C chilled coolant fluid will be required. A magnetic stirrer (without stirrer bars) is included. The TE cooled sample holder is fully controlled by the spectrometer operating software F980.\n",
  "\n\t\t\t\tDetector Upgrades\t\t\t": "\nPhotomultiplier Tubes (PMTs)\nSingle photon counting detectors comprise a single photon counting photomultiplier, together with an optimised dynode chain, mounted in a light tight cooled or un-cooled housing. The detectors include the coupling flange with the adaptive optics for direct compatibility with all of Edinburgh Instruments\u2019 spectrometers.\nThe following PMTs are available: Standard PMTs up to 1010 nm, High speed PMTs up to 850 nm, MCP-PMT up to 850 nm, NIR-PMTs up to 1700 nm and\u00a0gated PMTs.\n",
  "\n\t\t\t\tPolarisation/Anisotropy\t\t\t": "\nStandard Range (220 nm \u2013 900 nm): Glan Thompson polarising prism.\u00a0Spectral range 220 nm \u2013 900 nm.\u00a0The polariser can be manually moved into or out of the beam. The position is recognised by the computer. When in the beam, the polarisation angle is fully computer controlled. Automated anisotropy measurements are possible if both excitation and emission polarisers are present.\nExtended Range (240 nm \u2013 2300 nm): Glan Thompson polarising prism.\u00a0Spectral range 240 nm \u2013 2300 nm. The polariser can be manually moved into or out of the beam. The position is recognised by the computer. When in the beam, the polarisation angle is fully computer controlled. Automated anisotropy measurements are possible if both excitation and emission polarisers are present.\n",
  "\n\t\t\t\tSoftware Upgrade\t\t\t": "\nThe standard F980 software package can be upgraded to include the FAST software package. This is used for advanced fluorescence lifetime analysis and includes features such as lifetime distribution analysis and exponential components analysis. Please click on the link\u00a0to learn more about FAST software or contact us directly.\n"
}
