{"Page Title": "LifeSpec II Lifetime Spectrometer", "Introduction": "\nFastest TCSPC instrument on the market due to zero temporal dispersion\nSubtractive double\u2010monochromators result in zero temporal dispersion\n5 ps \u2013 10 \u03bcs lifetimes (detector and laser dependent)\nExtended NIR range \u2013 spectral coverage up to 1610 nm\nCompact footprint\nMulti-laser integration through two excitation ports; super\u2010continuum, Ti:Sapphire, and plug\u2010and\u2010play\n\nLifeSpec II spectrometer \u2013 Fluorescence lifetime measurement with ultimate temporal resolution\n", "Product Description": "The Lifespec II is a compact, fully integrated, high performance, time-correlated single photon counting (TCSPC) fluorescence lifetime spectrometer designed for use with high repetition rate pulsed femtosecond and picosecond lasers. The system is a fully automated solution, combining hardware and software in a single package for fundamental research and routine laboratory applications. Its zero temporal dispersion optics, using double-monochromators in subtractive mode, sets the standard for technical performance in measuring ultra-fast decays.\nThis is the only turn-key fluorescence lifetime measurement system on the market featuring a subtractive double-monochromator, which provides for zero temporal dispersion and allows the instrument to measure fluorescence lifetimes down to 5 ps with ultrafast lasers.\nThe powerful F980 software controls all the hardware and also analyses the raw data. With reconvolution, the software can reliably measure fluorescence lifetimes down to a tenth of the instrument response function.\nData acquisition modes range from fluorescence lifetime decay acquisitions and time-resolved spectra to automated time-resolved anisotropy measurements and automated temperature maps. The LifeSpec II in the standard configuration is supplied with one detector, however, additional detectors can be added. The LifeSpec II requires at least one picosecond pulsed diode laser (EPL Series, HPL Series), pulsed LED (EPLED Series), supercontinuum laser or Ti:Sapphire laser (with suitable pulse picker) for operation.\n\nSample Chamber: \nThe LifeSpec II has a large sample chamber that enables a variety of sample holder options to be fitted easily. These include single cuvette holders, multiple sample holders, front face film/bulk/powder holders, fibre attachments, thermostated sample holders and cryostats.\nSubtractive double monochromator:\nZero temporal dispersion in the optical path is a necessity for precise fluorescence lifetime measurements in the lower picosecond time scale. Conventional monochromators introduce temporal shifts and pulse broadening originating from propagation delays caused by the dimensions of the grating. The new design of the LifeSpec II uses two coupled monochromators with opposite pulse broadening characteristics. This eliminates temporal delays and temporal dispersion and enhances the stray light rejection. In this manner sources of errors in the response of the instrument are reduced and lifetime measurements can be performed and analysed more\naccurately.\nComputer-controlled polarisers:\nComputer Controlled Polarisers Motorised mounts are used both in the excitation beam path and in the emission path to operate the optional Glan Thompson polarisers. An excitation polariser may not be needed if the laser\u2019s emission is naturally polarised, which is the case for Ti:Sapphire and picosecond-pulsed diode lasers. Linearly polarised excitation and emission is a necessity for fluorescence anisotropy measurements. However, even for precise fluorescence decays (energy relaxation), polarisers may be required to eliminate rotational artifacts that are superimposed on the fluorescence decay (\u201cmagic angle\u201d measurements).\nFluorescence Lifetime Measurement and analysis capabilities:\nDATA ACQUISITION MODES\n\u2022 Fluorescence Decay Acquisition.\n\u2022 Time-Resolved Fluorescence Spectra.\n\u2022 Quasi-Steady State Spectra (with spectral correction).\n\u2022 Automated Time-Resolved Anisotropy Measurements (with optional polarisers).\n\u2022 Automated Temperature Maps (with optional cryostat or Peltier cooled sample holder).\nDATA ANALYSIS MODE\n\u2022 4-exponential fit with background, shift, reconvolution (based on Marquardt Levenberg algorithm).\n\u2022 Multi-exponential fluorescence anisotropy fits (tail fits only\nADVANCED DATA ANALYSIS (optional)\n\u2022 4-exponential fit with background, shift, reconvolution, no initial guesses required (based on propriety algorithm).\n\u2022 Lifetime Distribution Analysis with a grid of 200 lifetimes and no a priori shapes of the distribution.\n\u2022 Batch Analysis.\n\u2022 Global Analysis.\n\u2022 F\u00f6rster Kinetics.\n\u2022 Micellar Quenching Fits.\n\u2022 Extended Expotential Components Analysis.\n\u2022 Advanced Fluorescence Anisotropy kinetics with reconvolution.\nFluorescence Lifetime Measurement\nThe LifeSpec II is perfect for fluorescence lifetime measurement. For further information on the LifeSpecII fluorescence lifetime spectrometer simply contact a member of our sales team at sales@edinst.com. We look forward to being of assistance.\n", "Product Description img": ["https://www.edinst.com/wp-content/uploads/2015/09/LSii-Schematic.jpg"], "Product Description link": ["#", "/techniques/time-resolved-fluorescence/", "/products/f980-software-photoluminescence-control-and-analysis/", "/products/epl-laser-diodes-2/", "https://www.edinst.com/products/pulse-diode-laser-hpl-series/", "/products/picosecond-pulsed-led/", "#", "mailto:sales@edinst.com"], "Technical Specifications": [["", "Specification"], [[], ["Optical Configuration", "90\u00b0 between excitation and emission beam path"], ["Mode of Operation", "Time-Correlated Single Photon Counting (TCSPC)\n\n"], ["Excitation Source Options", "All high rep rate pulsed sources such as picosecond pulsed diode lasers (EPL Series, HPL Series) and LEDs (EPLED Series), supercontinuum pulsed lasers and femtosecond Ti:Sapphire lasers. (Contact us for more information)"], ["Lifetime Range", "5 ps \u2013 10 \u00b5s (depending on source and detector choice)"], ["Detector Options", "230 nm \u2013 610 nm, 230 nm \u2013 810 nm, 300 nm \u2013 1700 nm (Contact us for more information)"], ["Mechanical Spectral Range", "200 nm \u2013 900 nm (standard) plus 800 nm \u2013 2000 nm (optional for infrared PMT detectors)"], ["Spectral Band Pass", "0 to 60 nm (computer controlled)"], ["Temporal Dispersion", "Zero (negligible)"], ["Laser Beam Attenuation", "4 orders of magnitude, continuously adjustable (computer controlled)"], ["Spectrometer Software", "F980 Software complete package for data acquisition and lifetime data analysis"]], "\n", ""], "Technical Specifications img": [], "Technical Specifications link": ["#", "https://www.edinst.com/techniques/time-resolved-fluorescence/", "https://www.edinst.com/techniques/time-resolved-fluorescence/", "https://www.edinst.com/products/epl-laser-diodes-2/", "https://www.edinst.com/products/pulse-diode-laser-hpl-series/", "https://www.edinst.com/products/picosecond-pulsed-led//", "https://www.edinst.com/contact-us/", "https://www.edinst.com/contact-us/", "https://www.edinst.com/products/f980-software-photoluminescence-control-and-analysis/"], "Software": "F980 spectrometer operating software is at the heart of all our fluroescence spectrometers and is a fully comprehensive, user-friendly data analysis software package. Irrespective of system configurations, this software provides the user with complete control.\nThe F980\u00a0software is Windows 7, 8 and 10\u00a0compatible and is based on a data centred design that enables the user to focus on their measurement. This guarantees ease-of-use in the operation of a modular and potentially complex spectrometer.\nMeasurement set-up and data acquisition is made through an intuitive menu system. Key spectroscopic parameters are easily accessed through functional groupings, while common measurement routines can be saved as method files to allow previous experiments to be easily repeated. Tabbed dialogue boxes and particular scan parameters are always visible during set-up. The current status of the instrument is also continuously displayed.\nA unique feature of the F980 software is that all modes of data acquisition, including spectral scanning and lifetime acquisition in both MCS and TCSPC modes, are controlled from within one software package. Modern light sources, detectors, complex sample holders (plate reader, XY sample stages, titrator) and cooler options (thermostated sample holders and cryostats) are supported and fully software controlled.\nUpgrade to FAST (Fluorescence Analysis Software Technology) software for\u00a0the advanced\u00a0analysis of fluorescence and phosphorescence decay kinetics.\n", "Software img": ["https://www.edinst.com/wp-content/uploads/2015/09/F980-Screen.jpg"], "Software link": ["#", "/products/f980-software-photoluminescence-control-and-analysis/", "https://www.edinst.com/products/f980-software-photoluminescence-control-and-analysis/f980-screen/", "/products/fast-software-advanced-lifetime-analysis/"], "Upgrades": "\n\n\t\t\t\tLasers & LEDs Upgrades\t\t\t\n\nExcitation Sources\nPicosecond Pulsed Diode Lasers and LEDs: We manufacture a range of picosecond pulsed laser diodes (EPL Series, HPL Series)\u00a0and LEDs (EPLED Series)\u00a0for Time-Correlated Single Photon Counting (TCSPC) measurements. Diodes are available over the UV-VIS spectrum starting at 250 nm and are pre-set with a range of repetition frequencies. The driver electronics are built into the light sources, making them easier to share between colleagues.\nTi:Sapphire Laser Integration:\u00a0Radiation of Ti:Sapphire lasers with frequency doubling/tripling and pulse picker can be used for sample excitation. A trigger pick-up accesory can also be supplied. A Ti:Sapphire laser for TCSPC measurements can provide a short pulse width, high repetition rate (~80 MHz) and tunability.\nSuperContinuum Laser Integration: A supercontinuum laser can be fitted with a special wavelength selection package that allows computer controlled wavelength and spectral bandwidth selection. This package also has an integrated and optimised\u00a0laser synchronisation trigger pick-up.\n\n\n\n\t\t\t\tSample Holder Options\t\t\t\n\nLiquids\nSingle Cuvette Holder:\u00a0Temperature adjustable by water/coolant circulation, fitted with integrated probe for sample temperature monitoring by spectrometer operating software. Filter slots provided for holding 50 mm square filters. This sample holder is included as part of the standard system.\nPowders, Thin-Films and Solids\nFront-Face Sample Holders: A range of single position front-face sample holders are available for powders, thin-films and solids. These include linear staged holders, rotational\u00a0holders and clamps. Please contact us for more information.\nMultiple Position Holders\n3-Position Sample Turret: Computer-controlled 3-Position Cuvette Holder on rotational stage. All three positions temperature adjustable by water/coolant circulation, with an integrated temperature probe for sample temperature monitoring by spectrometer operating software.\n\n\n\n\t\t\t\tTemperature Control Options\t\t\t\n\nBath/Refrigerator (-10\u00b0C \u2013 +100\u00b0C): Closed cycle water/coolant bath to be used with water-cooled sample holders. The temperature range is -10\u00b0C to +100\u00b0C. The unit comprises digital display of set and measured temperature. The temperature range at the sample position can be reduced depending on the length and the insulation of the coolant pipes used.\nEPR Dewar (77 K): Liquid nitrogen dewar (quartz) in mounting collar for LifeSpec-II sample chamber with light tight seal, directly compatible to the sample chamber access flange. The dewar housing has a removable lid and built-in filter holders. Two individual EPR quartz sample rods supplied. Sample rod, containing the sample, will be immersed into the liquid nitrogen bath thus cooling the sample to 77K.\nLiquid Nitrogen Cryostat (77 K \u2013 300 K): Oxford Instruments liquid nitrogen cryostat, OptistatDN. The assembly comprises the cryostat head, the temperature controller, and a mounting flange and pedestal, directly compatible to the LifeSpecII sample holder socket. Includes heater and sensor, cuvette holder, optical sample holder and sample rod. Spectrosil B quartz windows in L-geometry are used. Cryostat can be fully controlled by computer and F980 software.\nNote: Special cryostat versions with windows arranged in T- or X-geometry are available on request.\nLiquid Helium Cryostat (3.4 K \u2013 300 K): Oxford Instruments liquid helium cryostat, OptistatCF. The assembly comprises the cryostat head, the temperature controller, transfer tube and SV12 adaptor, VC31 gas flow controller, GF4 pump, and a mounting flange and pedestal that is directly compatible to the LifeSpec II holder socket. Includes heater and sensor, cuvette holder, optical sample holder and sample rod. Spectrosil B quartz windows in L-geometry are used. Cryostat can be fully controlled by computer and F980 software.\nNote: Special cryostat versions with windows arranged in T or X-geometry are available on request.\nLiquid Helium Cryostat Extended Temperature Range (3.4 K \u2013 500 K): Oxford Instruments extended temperature range liquid helium cryostat, OptistatCF. The assembly comprises the cryostat head, the ITC503 temperature controller, the LLT600 transfer tube and SV12 adaptor, VC31 gas flow controller, GF4 pump, and a mounting flange and pedestal that is directly compatible to the LifeSpec II holder socket. All other inclusions as the standard liquid helium cryostat.\nNote: Special cryostat versions with windows arranged in T or X-geometry are available on request.\nTE Cooled Sample Holder Standard Range (-10\u00b0C \u2013 +105\u00b0C): Thermoelectrically cooled 4-window cuvette holder with controller that enables stable temperature control of samples from -10\u00b0C to +105\u00b0C (-10\u00b0C with dry gas flow, 5\u00b0C without gas flow). The temperature can be held constant with \u00b10.02\u00b0C precision and can be rapidly changed. A magnetic stirrer (without stirrer bars) is included. The TE cooled sample holder is fully controlled by the spectrometer operating software F980.\nTE Cooled Sample Holder Extended Range (-40\u00b0C \u2013 +150\u00b0C): Extended range thermoelectrically cooled 4-window cuvette holder with controller that enables stable temperature control of samples from -40 \u00b0C to +150 \u00b0C (-10 \u00b0C with dry gas flow, 5 \u00b0C without gas flow). The temperature can be held constant with \u00b10.02\u00b0C precision and can be rapidly changed. The temperature range can be extended below -10\u00b0C and above +150\u00b0C with a special cover in place and for temperatures below -10\u00b0C chilled coolant fluid will be required. A magnetic stirrer (without stirrer bars) is included. The TE cooled sample holder is fully controlled by the spectrometer operating software F980.\n\n\n\n\t\t\t\tDetector Upgrades\t\t\t\n\nPhotomultiplier Tubes (PMTs)\nSingle photon counting detectors comprise a single photon counting photomultiplier, together with an optimised dynode chain, mounted in a light tight cooled or un-cooled housing. The detectors include the coupling flange with the adaptive optics for direct compatibility with all of Edinburgh Instruments\u2019 spectrometers.\nThe following PMTs are available: Standard PMTs up to 1010 nm, High speed PMTs up to 850 nm, MCP-PMT up to 850 nm, NIR-PMTs up to 1700 nm and\u00a0gated PMTs.\n\n\n\n\t\t\t\tPolarisation/Anisotropy\t\t\t\n\nStandard Range (220 nm \u2013 900 nm): Glan Thompson polarising prism.\u00a0Spectral range 220 nm \u2013 900 nm.\u00a0The polariser can be manually moved into or out of the beam. The position is recognised by the computer. When in the beam, the polarisation angle is fully computer controlled. Automated anisotropy measurements are possible if both excitation and emission polarisers are present.\nExtended Range (240 nm \u2013 2300 nm): Glan Thompson polarising prism.\u00a0Spectral range 240 nm \u2013 2300 nm. The polariser can be manually moved into or out of the beam. The position is recognised by the computer. When in the beam, the polarisation angle is fully computer controlled. Automated anisotropy measurements are possible if both excitation and emission polarisers are present.\n\n\n\n\t\t\t\tSoftware Upgrade\t\t\t\n\nThe standard F980 software package can be upgraded to include the FAST software package. This is used for advanced fluorescence lifetime analysis and includes features such as lifetime distribution analysis and exponential components analysis. Please click on the link\u00a0to learn more about FAST software or contact us directly.\n\n\n\n", "Upgrades img": [], "Upgrades link": ["#", "/products/epl-laser-diodes-2/", "https://www.edinst.com/products/pulse-diode-laser-hpl-series/", "/products/picosecond-pulsed-led/", "/techniques/time-resolved-fluorescence/", "https://www.edinst.com/contact-us/", "/products/f980-software-photoluminescence-control-and-analysis/", "/products/f980-software-photoluminescence-control-and-analysis/", "/products/f980-software-photoluminescence-control-and-analysis/", "/products/f980-software-photoluminescence-control-and-analysis/", "/products/f980-software-photoluminescence-control-and-analysis/", "/products/fast-software-advanced-lifetime-analysis/", "/contact-us/"], "Downloads": "LifeSpec II Time-Resolved Spectrometer BrochureLifeSpec II Time-Resolved Spectrometer DatasheetTCC2 Lifetime Electronics Module Datasheet", "Downloads img": [], "Downloads link": ["#", "https://www.edinst.com/wp-content/uploads/2015/07/2022-Version-Lifespec-2-Flyer-update-040817.pdf", "https://www.edinst.com/wp-content/uploads/2015/07/2022-Version-Lifespec-2-Flyer-080522.pdf", "https://www.edinst.com/wp-content/uploads/2017/04/TCC2-Specifications-Data-Sheet.pdf"]}