{"Page Title": "Probes and Accessories", "Introduction": "Dip Probes \n\nDP400-VISNIR is dip probe with 400um fiber, 10mm path length tip, integrated mode scrambler to improve measurement repeatability.\nDP400-UVVIS-SR is a dip probe for UV applications with 400um fiber, 10mm path length tip, integrated mode scrambler to improve measurement repeatability.\nDP-TIP are replaceable dip probe tips for DP400 dip probe. Specify 2, 5, 10, or 20mm path.\n\nReflectance Probes \n\nR600-8-VisNIR is a Reflectance Probe for VIS-NIR with 7 optical fibers bundled around 1 600\u03bcm fibre.\nR600-8-UVVIS-SR is a Reflectance Probe for UV and Visible wavelengths; 7 around 1 with 600\u03bcm fibres.\nRPH1 / 2 is a Reflectance Probe Holder block that maintains a 45 and/or 90 degree angle and user set distance from sample (0-3/4\u2033).\nRPH3 is a Reflectance Probe Holder stand for 90\u00b0 angle measurements.\nRTIP45 is a black plastic tip has 45 degree angle and slides onto reflectance probe and locks to set position.\nRS50 is a 50 mm diameter white reflectance standard made of Halon.\n\nFluorescence Probes and Accessories \n\nR600-8-UVVIS-SR is a dual purpose fluorescence/reflectance probe with 7 optical fibres bundled around 1 600 \u03bcm fibre.\nRPH3 can also be used as a Fluorescence Probe Holder stand for direct excitation of solid and powdered fluorescence agents.\n\n", "Downloads": "Dip Probe SpecificationReflectance/Fluorescence Probe Specification", "Downloads img": [], "Downloads link": ["#", "https://www.edinst.com/wp-content/uploads/2015/09/DP400-Dip-Probe.pdf", "https://www.edinst.com/wp-content/uploads/2015/09/Reflectance-Probes.pdf"]}