{"Page Title": "FLS1000 Photoluminescence Spectrometer", "Introduction": "\nFluoracle\u00ae\u00a0software package \u2013\u00a0easily accessible user interface and updated features\nHigher Resolution \u2013\u00a0 325 mm focal length monochromators provide superb accuracy and excellent stray light rejection with minimum step size\nFaster measurements \u2013 increased scan speeds and leading performance\nIncreased automation \u2013\u00a0ease of use for even the most complex configurations\nNEW MicroPL Upgrade allows spectral and time-resolved photoluminescence measurements of samples in the microscopic scale\nLive video demonstration \u2013 contact us to arrange an online demonstration. We can accept your samples and talk you through the process as we run test measurements.\n\n\u00a0\n", "Product Description": "The FLS1000 Spectrometer sets the standard in both steady state and time-resolved photoluminescence spectroscopy for both fundamental research and routine laboratory applications.\nThe system is a modular fluorescence and phosphorescence spectrometer for measuring spectra from the ultraviolet to the mid-infrared spectral range (up to 5,500 nm), and lifetimes spanning from picoseconds to seconds. All of this can be achieved through various upgrade routes, either at the time of order or in the future.\nWhether you are studying photophysics, photochemistry, biophysics, biochemistry, material or life sciences, the FLS1000 will enable you to reliably and accurately measure luminescence spectra and kinetics using state-of-the-art sources, detectors, acquisition techniques, quality optics and precision mechanics. The large sample chamber will house practically any type of sample accessory.\nHigh sensitivity is a prerequisite for measurements of low sample concentrations, small sample volumes or low sample quantum yields. The instrument\u2019s guaranteed sensitivity of >35,000:1 for the standard water Raman measurement using the SQRT method is unmatched in the industry.\nThe FLS1000 has a USB interface and all modes of operation are controlled by ONE data acquisition module and ONE all-inclusive Fluoracle software package for data acquisition and analysis. Light source, detector, grating, slits, polarisers are all computer-controlled for accurate and precise measurements.\n\nExcitation Sources\nThe FLS1000 comes standard with a 450 W ozone free xenon arc lamp that covers a range of 230 nm to >1000 nm for steady state measurements. A variety of other sources can be integrated including microsecond flashlamps, nanosecond flashlamp, pulsed diode lasers (EPL Series, HPL Series, VPL Series), pulsed light emitting diodes (EPLED Series, VPLED Series), supercontinuum lasers, Ti:sapphire lasers, Q-switched solid state lasers and OPOs, dye lasers, and infrared CW and pulsed lasers for upconversion measurements.\nMonochromators\nSingle and double grating Czerny-Turner monochromators are available in the FLS1000 with 325 mm (or 2 x 325 mm) focal length, high optical throughput, excellent stray light rejection and low temporal dispersion. The monochromators feature \u2018plug-and-play\u2019 triple grating turrets with up to three gratings on each turret and computer-controlled slits.\nDetectors\nA full range of detector options are available to enhance the range of spectral coverage and/or to reduce the instrumental response width for lifetime measurements. The instrument comes standard with a PMT-900 detector in a cooled housing which covers a range from 185 nm \u2013 900 nm. In TCSPC mode the instrumental response width is approximately 600 ps. Optional detectors include: high speed PMTs in a cooled housing with instrument response <200 ps, MCP-PMT in cooled housings with a response <25 ps, NIR-PMTs to cover spectral ranges out to 1700 nm with photon counting sensitivity and speed, InGaAs detectors with spectral coverage up to ~1.65 \u03bcm, 2.05 um and 2.55 \u03bcm, InAs and InSb detectors to cover up to 5.50 \u03bcm.\nSample Holders\nAt the heart of the FLS1000 is an exceptionally large sample chamber that allows access to the sample from all sides, top and bottom. This ensures compatibility and simplifies access to a variety of sample holders.\nPhotoluminescence Spectroscopy Research\nWe have a variety of research articles on photoluminescence spectroscopy which you can view on our website.\nEnquiries FLS1000 Photoluminescence Spectrometer\nFor further information, or to find out how the FLS1000 can help you with your photoluminescence spectroscopy work, simply contact a member of our sales team at sales@edinst.com.\nEdinburgh Instruments: Photoluminescence spectroscopy solutions for photophysics, photochemistry, material sciences and life sciences.\n", "Product Description img": [], "Product Description link": ["#", "https://www.edinst.com/products/fluoracle-software-photoluminescence-control-and-analysis/", "/products/epl-laser-diodes-2/", "https://www.edinst.com/products/pulse-diode-laser-hpl-series/", "https://www.edinst.com/products/pulse-diode-laser-vpl-series/", "/products/picosecond-pulsed-led/", "https://www.edinst.com/products/pulse-diode-lasers-vpled-series/", "https://www.edinst.com/?s=photoluminescence+spectroscopy", "mailto:sales@edinst.com"], "Technical Specifications": [["Specifications", "Spectral", "Phosphorescence Lifetime", "Fluorescence Lifetime", "Monochromator", "Specifications", "Detectors", "PMT-900", "PMT-1010", "PMT- 1400/1700", "HS-PMT", "MCP-PMT"], [[], ["Mode of Operation", "Single Photon Counting", "Time-Resolved Single Photon Counting (Multi Channel Scaling \u2013 MCS)", "Time-Correlated Single Photon Counting (TCSPC)"], ["Lifetime range", "Milliseconds to hours", "10 ns \u2013 50 s *", "5 ps \u2013 10 \u00b5s *"], ["Sensitivity", ">35,000:1 **", "n/a", "n/a"], ["Excitation Sources"], ["Type", "450 W ozone-free xenon arc lamp", "Microsecond flashlamp", "Picosecond pulsed diode lasers (EPLs) and pulsed LEDs (EPLEDs)"], ["Spectral Range", "230 nm- > 1000 nm", "200 nm \u2013 >1000 nm", "Discrete wavelengths between 250 nm \u2013 980 nm"], ["Pulse width", "n/a", "1 \u00b5s \u2013 2 \u00b5s", "from 60 ps"], ["Options", "Ozone generating lamp with spectral range\n200 nm \u2013 >1000 nm", "Low to medium repetition rate pulsed lasers", "Nanosecond flashlamp \n200 nm \u2013 >400 nm \npulse width <1 ns  "], ["* source and detector dependent\n** standard water Raman measurement conditions: Excitation wavelength  = 350 nm, Excitation and emission bandwidths  = 5 nm, step size = 1 nm, integration time = 1 s, emission wavelength = 397 nm, noise measured at 450 nm and calculation based on the SQRT method"], [], ["Type", "Czerny-Turner with \u2018plug and play\u2019 triple grating turret"], ["Focal Length", "325 mm (double monochromators: 2 x 325 mm)"], ["Stray Light Rejection", "1:10-5 (single), 1:10-10 (double) "], ["Gratings", "Mounted to triple grating turret"], ["Accuracy", "+/- 0.2 nm *"], ["Minimum Step Size", "0.01 nm *"], ["Option", "Spectral graphs available for operations of CCDs and diode array detectors"], ["* grating dependent"], [], ["Spectral Range", "185 nm \u2013 900 nm", "300 nm \u2013 1010 nm", "300 nm \u2013 1700 nm", "230 nm \u2013 870 nm", "200 nm \u2013 850 nm"], ["Dark Count Rate", "<50 cps (-20 \u00b0C)", "<100 cps (-20 \u00b0C)", "<200 cps (-80 \u00b0C)", "<100 cps (-20 \u00b0C)", "<50 cps (-20 \u00b0C)"], ["Reponse Width", "600 ps", "600 ps", "800 ps", "200 ps", "<25 ps"], ["Options", "A wide variety of other photomultipliers and analogue detectors are available up to 5,500 nm "]], "", "", "", "", "", "", "\u00a0"], "Technical Specifications img": [], "Technical Specifications link": ["#"], "Software": "\nFluoracle spectrometer operating software is at the heart of all our fluorescence spectrometers and is a fully comprehensive, user-friendly data analysis software package. Irrespective of system configurations, this software provides the user with complete control of the instrument and of most third-party accessories.\nFluoracle is Windows compatible and is based on a data centred design that enables the user to focus on their measurement. This guarantees ease-of-use in the operation of a modular and potentially complex spectrometer.\nMeasurement set-up and data acquisition is made through an intuitive menu system. Key spectroscopic parameters are easily accessed through functional groupings, while common measurement routines can be saved as method files to allow previous experiments to be easily repeated. Tabbed dialogue boxes and particular scan parameters are always visible during set-up. The current status of the instrument is also continuously displayed.\nA unique feature of the\u00a0Fluoracle is that all modes of data acquisition, including spectral scanning and lifetime acquisition in both MCS and TCSPC modes, are controlled from within one software package. Modern light sources, detectors, complex sample holders (plate reader, XY sample stages, titrator) and cooler options (thermostated sample holders and cryostats) are supported and fully software controlled. Fluorescence Lifetime Imaging Microscopy (FLIM) acquisition and analysis are included in Fluoracle with a MicroPL upgrade.\nFluoracle offers the \u201cFAST\u201d add on for\u00a0the advanced\u00a0analysis of fluorescence and phosphorescence decay kinetics.\n\nMeasurement Examples (Steady State)\nExcitation and Emission Scans\nExcitation and emission spectra are standard measurements in fluorescence spectroscopy. The figure demonstrates a measurement of a well documented standard test solution of anthracene in degassed cyclohexane.\n\nSample: Anthracene in cyclohexane (10-5M). Measurement conditions: \u03bbex = 358 nm for emission scan, \u03bbem =\u00a0400 nm for corrected excitation scan, \u0394\u03bbex =\u00a0\u0394\u03bbem = 0.4 nm, step size = 1 nm, integration time = 1 s.\nSynchronous Scans\nIn synchronous scans, both excitation and emission monochromators are scanned synchronously with a pre-set offset. The figure demonstrates a sample of five different aromatic hydrocarbons dissolved in cyclohexane, measured with a conventional emission scan (red) and a synchronous scan with zero offset (green). The five hydrocarbons are resolved by the synchronous scan.\n\nSample: Five aromatic hydrocarbons dissolved in cyclohexane. Measurement conditions: \u03bbex =\u00a0280 nm for emission scan,\u00a0\u0394\u03bbex =\u00a0\u0394\u03bbem = 0.5 nm, step size = 0.5 nm, integration time = 1 s, offset = 0 nm.\nKinetic Scans\nKinetic scans reveal temporal changes of the sample fluorescence at fixed excitation and emission wavelengths. Luminescence emission in the milliseconds to seconds range, such as long phosphorescence, chemical reactions or chemical migration in cells, can be studied. As an example, using the FLS1000 in T-geometry for dual wavelength detection, simultaneous measurements of the Ca2+ active fluorophore Indo-1 can be made with both emission arms set to different wavelengths.\n\nSample: Human platelets cells loaded with Indo-1 in 1 mM Ca2+. Measurement conditions: \u03bbex =\u00a0340 nm, \u03bbem1 =\u00a0485 nm, \u03bbem2 =\u00a0410 nm, \u0394\u03bbex =\u00a0\u0394\u03bbem =\u00a01 nm,\u00a0integration time = 0.5 s.\nExcitation \u2013 Emission Maps (EEM)\nThe variety of measurement, display and analysis options\u00a0allows easy and fast investigation of unknown luminescent samples or samples which contain different fluorophores. One method is to measure a series of emission scans within a selected range of excitation. The result is then demonstrated either in a 3D plot or in a contour plot.\n\nSample: Three organic dyes in solution: naphtalene, anthracene perylene. Measurement conditions: Xe1, PMT-900,\u00a0280 nm \u2264 \u03bbex \u2264 460 nm,\u00a0310 nm\u00a0\u2264 \u03bbem\u00a0\u2264 620 nm, \u0394\u03bbex =\u00a0\u0394\u03bbem =\u00a02 nm,\u00a0integration time = 0.5 s, repeats per scan = 1.\nBatch Measurements (Batch Mode)\nCombinations of excitation, emission, synchronous scans, excitation-emission or synchronous maps can be run in Batch Measurements. This means that several scans can be set for a sample and measured automatically without the presence of the user. The scans can be set to repeat in loops as many times as required, with a fixed pre-set delay between each scan. The batch measurements (protocols) can be saved and loaded for future use.\n\nTemperature Maps\nThe Fluoracle software can communicate with liquid nitrogen and liquid helium cryostats (along with TE controlled sample holders). Temperature maps can be made by acquiring a series of emission, excitation or synchronous scans for a predefined temperature range. The individual measurements are automatically started when the target temperatures are reached.\n\nSample: CuInSe2 (a material used for photovoltaic cells). Measurement conditions:\u00a0Fluoracle-controlled Cryostat, Xe2, PMT-1700, \u03bbex =\u00a0694 nm,\u00a0\u0394\u03bbex =\u00a010 nm, \u0394\u03bbem =\u00a05 nm,\u00a0step size = 1 nm, integration time = 0.2 s. Temperature range: 6 K \u2013 106 K, step 20 K.\nAbsolute Quantum Yield Measurements\nThe absolute method for fluorescence quantum yield measurements is becoming more widely used than the relative method, as it does not require a quantum yield standard. This\u00a0is readily applicable to liquids, films and powders and can be extended into the near infrared spectral range.\nThe picture shows the independence of the fluorescence quantum yield from the wavelength of excitation for a standard organic dye. The graph shows the area of absorption for eight different excitation wavelengths on the left, while on the right it shows the corresponding emission spectra, scaled by a factor of 5. The inset shows the calculated quantum yields.\n\nSample: Quinine bisulphate in perchloric acid. Measurement conditions: integrating sphere, \u0394\u03bbex =\u00a05.0 nm, \u0394\u03bbem =\u00a00.5 nm, integration time = 0.3 s.\nSinglet Oxygen Emission\nThe emission of singlet oxygen is known to be very weak and, historically, powerful laser excitation has been used to monitor this. However, both excitation and emission spectra of singlet oxygen can be measured using the FLS1000 with a broadband xenon lamp. The figure demonstrates a measurement of singlet oxygen luminescence generated from erythrosine B in ethanol detected by NIR-PMT (green), and InGaAs (blue) detectors.\n\nSample: Singlet oxygen generated from erythrosine B in ethanol\nPhotoluminescence of Lathanides\nThe electronic configuration of lanthanides enables a wide variety of Stokes and anti-Stokes transitions from the ultraviolet to the mid-infrared. This makes them versatile materials that find widespread use in lasers, solar cells, bio-photonics and sensors. Their intra-4f transitions shielded by the external sub-shell are very sharp and narrow requiring high resolution instruments, as can be seen in the graph below for an erbium-ytterbium doped fluoride. Especially for non-linear processes such as upconversion, powerful lasers are fully integrated with the FLS1000.\n\nSample: YTa7O19: Er3+-Yb3+ powder phosphor\nOther steady state measurement examples: Steady state fluorescence anisotropy, contour plots, water quality assessments, excimer equilibrium, reflection, absorption and quantum yield measurements of phosphor powders, chromaticity and much more.\nMeasurement Examples (Time-Resolved \u2013 TCSPC)\nSingle and Multiple Exponential Decays\nFluoracle provides analysis tools for standard decay tail fitting and numerical reconvolution. With numerical reconvolution, short lifetime components can be extracted from the raw decay data which would otherwise be distorted or masked by the instrumental profile.\nThe analysis routine provided is based on the Marquardt-Levenberg algorithm. Up to four exponential decay components can be fitted, with shift and offset fitting as standard. The algorithm is robust, delivers results in a blink of an eye, and is presented in a user-friendly interface.\nAdditional fit quality parameters are available for quality assessment, such as autocorrelation functions, the Durbin-Watson parameter and standard deviations.\nThe example shows two measurement results of the same homogeneous solution, taken at two different emission wavelengths. The decay at the shorter wavelength is clearly a single exponential, the decay at the longer wavelength is best characterised by three exponential components.\n\nSample: Hematoporphyrin IX in phosphate buffer (pH 7.2)\nMeasurement conditions: EPL 405, MCP-PMT, \u03bbex = 398 nm, \u0394\u03bbem =\u00a01.0 nm, rep rate = 1 MHz,\u00a0\u03bbem = 620 nm (left and right graph)\nData analysis: Multi-exponential reconvolution, confidence intervals verified by support plane analysis (FAST). \u03c41 = 15.02 \u00b1\u00a00.03 ns (left). \u03c42 = 14.80\u00a0\u00b1\u00a00.20 ns, \u03c42 = 4.62\u00a0\u00b1\u00a00.55 ns, \u03c43 = 0.81 \u00b1\u00a00.20 ns (right).\nTime-Resolved Fluorescence Anisotropy\nBy exciting the sample with vertically polarised light and recording the emission in both the vertical and horizontal plane, one can calculate the fluorescence anisotropy of a homogeneous sample. The fluorescence anisotropy reveals the average rotational diffusion time of the molecules.\nThe measurement example shows that rotational diffusion in the picosecond time scale can be accurately measured. Most samples show rotational diffusion. To avoid this effect when precise fluorescence lifetime measurements are required, the emission polariser must be set to magic angle conditions, 54.7\u00ba\u00a0(and vertically polarised excitation used).\n\nSample: POPOP in cyclohexane (left plot: IRF-black, decays with parallel-blue and crossed polariser-red), fluorescence anisotropy (right plot: raw data-green and fit-red).\u00a0Measurement conditions: EPL 375, MCP-PMT, \u03bbex =\u00a0375 nm, \u00a0\u0394\u03bbex =\u00a02.0 nm, \u03bbem =\u00a0390 nm, \u00a0\u0394\u03bbem =\u00a02.0 nm.\nData analysis: Full anisotropy reconvolution (FAST) with ellipsoidal\u00a0rotor model. The rotation diffusion times are 110 ps, 150 ps and 620 ps respectively. A spherical rotor model results in a fit with significantly increased chi-square. POPOP is a rod like molecule.\nOther TCSPC measurement examples: Time-resolved emission spectroscopy (TRES), monomer-excimer kinetics, solvent relaxation dynamics and much more.\nMeasurement Examples (Time-Resolved \u2013 MCS)\nTime-Resolved Measurements of Lanthanides\nThe photoluminescence emission lifetime of lanthanides extends over a large time range from nanoseconds to seconds where the method of choice for time-resolved measurements is the\u00a0MCS technique. Due to the high dynamic range and the accuracy resulting from counting statistics, complex decay analysis can be performed.\nThe pictures show time resolved measurements from a lanthanide doped glass sample at two different emission wavelengths. At the shorter wavelength the decay is best fitted with three exponential terms, while at the longer emission wavelength the initial rise is followed by a millisecond decay.\n\nSample: Rare-earthed doped glass\nMeasurement conditions: \u03bcF2, \u03bbex =\u00a0370 nm, \u00a0\u0394\u03bbex =\u00a0\u0394\u03bbem =\u00a02.5 nm, rep rate 100 Hz, step size = 10 nm, spectra produced for every 50 \u03bcs (Top Left). \u03bcF2, \u03bbex =\u00a0370 nm, \u00a0\u03bbem =\u00a0430 nm, \u0394\u03bbex =\u00a0\u0394\u03bbem =\u00a02.5 nm, rep rate 100 Hz, step size = 10 nm, measurement time = 2 min (Top Right).\u00a0\u03bcF2, \u03bbex =\u00a0370 nm, \u00a0\u03bbem =\u00a0612 nm, \u0394\u03bbex =\u00a0\u0394\u03bbem =\u00a01.7 nm, rep rate 20 Hz,\u00a0measurement time =\u00a08 min (Bottom Left).\nData Analysis: Multi-exponential reconvoltution. Good fit results were achieved with four exponential decay model (Top Right) and model comprising two exponential rise and one decay function (Bottom Left).\nOther MCS measurement examples: Time-resolved singlet oxygen measurements, time-resolved FRET measurements and much more.\n", "Software img": ["https://www.edinst.com/wp-content/uploads/2017/03/laptop_23_03_17_no_keyboard-e1490952280491.jpg", "https://www.edinst.com/wp-content/uploads/2015/09/F980-Ex-Em-Scan.jpg", "https://www.edinst.com/wp-content/uploads/2015/09/F980-Sync-Scan.jpg", "https://www.edinst.com/wp-content/uploads/2015/09/F980-Kinetic-Scan-300x207.jpg", "https://www.edinst.com/wp-content/uploads/2015/09/EEM-300x255.jpg", "https://www.edinst.com/wp-content/uploads/2015/07/picturemessage_zrika0x4.4sx-300x263.png", "https://www.edinst.com/wp-content/uploads/2015/09/F980-Temp-Map.jpg", "https://www.edinst.com/wp-content/uploads/2015/09/F980-Abs-QY-e1442507585977.jpg", "https://www.edinst.com/wp-content/uploads/2017/03/10-1O2-Emission-EryB-NIR-PMT-norm-to-InGaAs_Singlet-Oxygen.jpg", "https://www.edinst.com/wp-content/uploads/2017/03/Photoluminscence-of-lathanides.jpg", "https://www.edinst.com/wp-content/uploads/2015/09/F980-TCSPC-Expo-Decays-1.jpg", "https://www.edinst.com/wp-content/uploads/2015/09/F980-TCSPC-Expo-Decays-2.jpg", "https://www.edinst.com/wp-content/uploads/2015/09/F980-TCSPC-anisotropy.jpg", "https://www.edinst.com/wp-content/uploads/2015/09/F980-TCSPC-lanthanides-1.jpg", "https://www.edinst.com/wp-content/uploads/2015/09/F980-TCSPC-lanthanides-2.jpg", "https://www.edinst.com/wp-content/uploads/2015/09/F980-TCSPC-lanthanides-3.jpg"], "Software link": ["#", "https://www.edinst.com/?attachment_id=4053", "https://www.edinst.com/products/fluoracle-software-photoluminescence-control-and-analysis/", "https://www.edinst.com/products/fluoracle-software-photoluminescence-control-and-analysis/", "https://www.edinst.com/products/fluoracle-software-photoluminescence-control-and-analysis/", "https://www.edinst.com/products/fluoracle-software-photoluminescence-control-and-analysis/", "https://www.edinst.com/products/fls-980-fluorescence-spectrometer/f980-ex-em-scan/", "https://www.edinst.com/products/fls-980-fluorescence-spectrometer/f980-sync-scan/", "#", "https://www.edinst.com/wp-content/uploads/2015/09/EEM.jpg", "https://www.edinst.com/products/fls-980-fluorescence-spectrometer/f980-temp-map/", "https://www.edinst.com/products/fluoracle-software-photoluminescence-control-and-analysis/", "https://www.edinst.com/products/fls-980-fluorescence-spectrometer/f980-abs-qy/", "https://www.edinst.com/?attachment_id=4055", "https://www.edinst.com/?attachment_id=4056", "https://www.edinst.com/products/fluoracle-software-photoluminescence-control-and-analysis/", "https://www.edinst.com/products/fls-980-fluorescence-spectrometer/f980-tcspc-expo-decays-1/", "https://www.edinst.com/products/fls-980-fluorescence-spectrometer/f980-tcspc-expo-decays-2/", "https://www.edinst.com/products/fast-software-advanced-lifetime-analysis/", "https://www.edinst.com/products/fls-980-fluorescence-spectrometer/f980-tcspc-anisotropy/", "https://www.edinst.com/products/fast-software-advanced-lifetime-analysis/", "https://www.edinst.com/products/fast-software-advanced-lifetime-analysis/", "https://www.edinst.com/products/fast-software-advanced-lifetime-analysis/", "https://www.edinst.com/techniques/phosphorescence-lifetime/", "https://www.edinst.com/products/fls-980-fluorescence-spectrometer/f980-tcspc-lanthanides-1/", "https://www.edinst.com/products/fls-980-fluorescence-spectrometer/f980-tcspc-lanthanides-2/", "https://www.edinst.com/products/fls-980-fluorescence-spectrometer/f980-tcspc-lanthanides-3/"], "Upgrades": "\n\n\t\t\t\tConfiguration Upgrades\t\t\t\n\nDouble Monochromators\nOur systems can be equipped with double monochromators on\u00a0excitation and emission arms. Double monochromators are recommended for highly scattering, low emissive samples as they improve the systems stray light suppression and increase the signal-to-noise ratio.\u00a0A double monochromator in the emission arm allows for up to three detectors mounted simultaneously with software-based selection; two detectors can be fitted after the double monochromator and one after the first of the two monochromators.\n\n\u00a0\nGeometries\nIf further detectors are required, the system can be configured in a T-geometry by the addition of a separate emission monochromator. This configuration can also be useful to provide a digital detection arm and an analogue detection arm.\n\n\n\n\t\t\t\tExcitation Sources\t\t\t\n\nXenon Lamps\n450 W continuous wavelength lamps for steady state measurements. The\u00a0excitation range is typically 230 nm to >1700 nm. Ozone generating lamps may be used to increase the lower range to 180 nm.\nMicrosecond Flash Lamp\n\u03bcF1 and \u03bcF2: 5 W or 60 W pulsed xenon microsecond flashlamps producing short microsecond pulses for phosphorescence decay measurements. The excitation range is typically 230 nm to 1000 nm.\nPicosecond Pulsed Diode Lasers and LEDs\nWe manufacture a range of picosecond pulsed laser diodes (EPL Series, HPL Series) and pulsed LEDs (EPLED Series) for Time Correlated Single Photon Counting (TCSPC) measurements, as well as variable pulsed lasers and diodes (VPL Series, VPLED Series) for Multi-Channel Scaling (MCS). Diodes are available over the UV-VIS spectrum starting at 250 nm and are pre-set with a range of repetition frequencies, but can also be pulsed externally. The driver electronics are built into the light sources, eliminating the need for additional driver boxes and feature true \u201cplug-and-play\u201d usability.\nUltrafast Nanosecond Flash Lamp\nnF980: ultrafast nanosecond flashlamp for time-resolved fluorescence studies with decays of 100 ps \u2013 50 us. The excitation range is gas dependent.\nContinuous Wave (CW) Lasers\nVarious continuous wave lasers for use with the FLS series\u00a0and FS5 are available. Some CW laser sources may also be pulsed by the spectrometer to allow, for example, upconversion decays with 808 nm and 980 nm excitation to be measured.\n\n\n\n\t\t\t\tMonochromator Options\t\t\t\n\nDiffraction Gratings\nThe monochromators have triple grating turrets allowing up to three diffraction gratings to be permanently mounted within the monochromator. Standard gratings are generally chosen to cover the wavelength range of the detector. However, should you have more stringent requirements, such as requiring finer linear dispersion or an extended wavelength range, other diffraction gratings are available.\nWe can offer diffraction gratings with a groove density of 150 g/mm up to >1800 g/mm which allows us to cover the range 200 nm \u2013 8000 nm.\n\n\n\n\t\t\t\tDetector Options\t\t\t\n\nPhotomultiplier Tubes (PMTs)\nSingle photon counting detectors comprise a single photon counting photomultiplier, together with an optimised dynode chain, mounted in a light tight cooled or un-cooled housing. The detectors include the coupling flange with the adaptive optics for direct compatibility with all of Edinburgh Instruments\u2019 spectrometers.\nThe following PMTs are available: Standard PMTs up to 1010 nm, High speed PMTs up to 850 nm, MCP-PMT up to 850 nm, NIR-PMTs up to 1700 nm and\u00a0gated PMTs.\nAnalogue Detectors\nAnalogue detectors are used either for high light level applications with the requirement for high dynamic range, or as alternative detectors in spectral ranges where photomultipliers are unavailable or too expensive. Depending on the required application, the analogue detectors come in a variety of housings with a variety of cooling options. Analogue detectors find application to extend the spectral coverage into the NIR to 5.5 \u00b5m.\nWe offer detector assemblies that are supplied with PIN diodes with an active area of 3 mm. For steady state fluorescence\u00a0applications the diode is mounted in a two stage TE cooled housing with collection/focusing optics chopper and lock-in. For time-resolved fluorescence or time-resolved phosphorescence\u00a0applications, the diode is supplied in a two stage TE-cooled housing and with a digitising oscilloscope for data collection and averaging. The spectrometer\u2019s software automatically downloads the data to allow automated measurements such as TRES and for further analysis and fitting.\n\n\n\n\t\t\t\tFluorescence Lifetime Upgrades\t\t\t\n\nTCSPC Electronics\nThe TCC2 is an electronics module with USB interface, which incorporates all the electronic modules required for Time-Correlated Single Photon Counting (TCSPC) and Multi-Channel Scaling (MCS). This includes constant fraction discriminators, variable delays, time to amplitude converter and a large memory for multi-channel analysis.\n\u2013 TSCPC time range: 2.5 ns \u2013 50 ms full scale,\u00a0MCS time range: 10 ms \u2013 200 s full scale\n\u2013 From 500 to 8,000 channels\n\u2013 Time resolution from 305 fs/channel with\u00a0ultra-low time jitter of 20 ps\nFor full technical specifications please contact us\n\n\n\n\t\t\t\tPhosphorescence Lifetime Upgrades\t\t\t\n\nMCS\u00a0Electronics\nThe CB1 multichannel scaler.\n\u2013 100 MHz counter for spectral measurements (up to 3 channels)\n\u2013 10 ns minimum bin width in time-resolved measurements\n\u2013 variable threshold settings\nFor full technical specifications please contact us\n\n\n\n\t\t\t\tSample Holder Options\t\t\t\n\nLiquids\nSingle Cuvette Holder:\u00a0Temperature adjustable by water/coolant circulation, fitted with integrated probe for sample temperature monitoring by spectrometer operating software. Filter slots provided for holding 50 mm square filters. This sample holder is included as part of the standard system.\nMagnetic Stirrer: Magnetic Stirrer to be fitted to single cuvette holder or 3-position sample turret. The stirrer comprises three stirrer bars and a stand-alone stirrer controller.\nPowders, Thin-Films and Solids\nFront-Face Sample Holders: A range of single position front-face sample holders are available for powders, thin-films and solids. These include linear staged holders, rotational\u00a0holders and clamps. Please contact us for more information.\nMultiple Position Holders\n3-Position Sample Turret: Computer-controlled 3-Position Cuvette Holder on rotational stage. All three positions temperature adjustable by water/coolant circulation, with an integrated temperature probe for sample temperature monitoring by spectrometer operating software.\n\n\n\n\t\t\t\tTemperature Control Options\t\t\t\n\nBath/Refrigerator (-10\u00b0C \u2013 +100\u00b0C): Closed cycle water/coolant bath to be used with water-cooled sample holders. The temperature range is -10\u00b0C to +100\u00b0C. The unit comprises digital display of set and measured temperature. The temperature range at the sample position can be reduced depending on the length and the insulation of the coolant pipes used.\nEPR Dewar (77 K): Liquid nitrogen dewar (quartz) in mounting collar for FLS1000 sample chamber with light tight seal, directly compatible to the sample chamber access flange. The dewar housing has a removable lid and built-in filter holders. Two individual EPR quartz sample rods supplied. Sample rod, containing the sample, will be immersed into the liquid nitrogen bath thus cooling the sample to 77K.\nLiquid Nitrogen Cryostat (77 K \u2013 300 K): Oxford Instruments liquid nitrogen cryostat. The assembly comprises the cryostat head, the temperature controller, and a mounting flange and pedestal, directly compatible to the FLS1000 sample holder socket. Includes heater and sensor, cuvette holder, optical sample holder and sample rod. Spectrosil B quartz windows in L-geometry are used. Cryostat can be fully controlled by computer and Fluoracle.\nNote: Special cryostat versions with windows arranged in T- or X-geometry are available on request.\nLiquid Helium Cryostat (3.4 K \u2013 300 K): Oxford Instruments liquid helium cryostat. The assembly comprises the cryostat head, the temperature controller, transfer tube and SV12 adaptor, VC31 gas flow controller, GF4 pump, and a mounting flange and pedestal that is directly compatible to the FLS1000 holder socket. Includes heater and sensor, cuvette holder, optical sample holder and sample rod. Spectrosil B quartz windows in L-geometry are used. Cryostat can be fully controlled by computer and Fluoracle.\nNote: Special cryostat versions with windows arranged in T or X-geometry are available on request.\nLiquid Helium Cryostat Extended Temperature Range (3.4 K \u2013 500 K): Oxford Instruments extended temperature range liquid helium cryostat. The assembly comprises the cryostat head, the ITC503 temperature controller, the LLT600 transfer tube and SV12 adaptor, VC31 gas flow controller, GF4 pump, and a mounting flange and pedestal that is directly compatible to the\u00a0FLS1000 holder socket. All other inclusions as the standard liquid helium cryostat.\nNote: Special cryostat versions with windows arranged in T or X-geometry are available on request.\nClosed Cycle Cryostat Options: (4 K \u2013 300 K, 10 K \u2013 325 K, 6 K \u2013 800 K): Includes helium compressor and hoses, sample exchange time is approximately 2 hours. 1st and 2nd stage cooling down to 10 K.\u00a0Mounting flange and pedestal that is directly compatible to the FLS1000 holder socket are included.\nTE Cooled Sample Holder Standard Range (-10\u00b0C \u2013 +105\u00b0C): Thermoelectrically cooled 4-window cuvette holder with controller that enables stable temperature control of samples from -10\u00b0C to +105\u00b0C (-10\u00b0C with dry gas flow, 5\u00b0C without gas flow). The temperature can be held constant with \u00b10.02\u00b0C precision and can be rapidly changed. A magnetic stirrer (without stirrer bars) is included. The TE cooled sample holder is fully controlled by Fluoracle\nTE Cooled Sample Holder Extended Range (-40\u00b0C \u2013 +150\u00b0C): Extended range thermoelectrically cooled 4-window cuvette holder with controller that enables stable temperature control of samples from -40 \u00b0C to +150 \u00b0C (-10 \u00b0C with dry gas flow, 5 \u00b0C without gas flow). The temperature can be held constant with \u00b10.02\u00b0C precision and can be rapidly changed. The temperature range can be extended below -10\u00b0C and above +150\u00b0C with a special cover in place and for temperatures below -10\u00b0C chilled coolant fluid will be required. A magnetic stirrer (without stirrer bars) is included. The TE cooled sample holder is fully controlled by the spectrometer Fluoracle.\n\n\n\n\t\t\t\tPolarisation / Anisotropy\t\t\t\n\nStandard Range (220 nm \u2013 900 nm): Glan Thompson polarising prism.\u00a0Spectral range 220 nm \u2013 900 nm.\u00a0The polariser can be\u00a0automatically moved into or out of the beam. The position is recognised by the computer and the polarisation angle is fully computer-controlled. Automated anisotropy measurements are possible if both excitation and emission polarisers are present.\nExtended Range (240 nm \u2013 2300 nm): Glan Thompson polarising prism.\u00a0Spectral range 240 nm \u2013 2300 nm. The position is recognised by the computer. When in the beam, the polarisation angle is fully computer controlled. Automated anisotropy measurements are possible if both excitation and emission polarisers as above are present.\n\n\n\n\t\t\t\tIntegrating Sphere\t\t\t\n\nThe integrating sphere is a demountable accessory for the measurement of fluorescence quantum yields. It is 120 mm in diameter and has an inner surface coated with BenFlect to enable efficient scattering of light over a wide wavelength range. With the integrating sphere, the measurement of fluorescence quantum yields by an absolute method, as well as reflection measurements, are possible on solutions, film and powder samples. Holders for both direct and indirect excitation is provided. Two cuvettes and two powder trays are supplied as part of the sphere accessory. Options for electroluminescence and temperature dependent quantum yield measurements are also available.\n\n\n\n\n\t\t\t\tSoftware Upgrade\t\t\t\n\nThe standard\u00a0Fluoracle package can be upgraded to include the FAST add on package. This is used for advanced fluorescence lifetime analysis and includes features such as lifetime distribution analysis and exponential components analysis. Please click on the link\u00a0to learn more about FAST software or contact us directly.\n\n\n\n\t\t\t\tMicroPL Upgrade\t\t\t\n\nThe MicroPL upgrade allows spectral and time-resolved photoluminescence measurements of samples in the microscopic scale. The FLS1000 is upgraded with a microscope so you can finely tune both the excitation light (illumination) and the detected emission, using widefield or point excitation. The microscope can be supplied as either an upright and inverted microscopes. Imaging cameras are available spanning the spectrum from the visible to the near-infrared, up to 1700 nm. Excitation can be provided by halogen lamps (wide field excitation), picosecond pulsed diode lasers (EPL Series, HPL Series) and pulsed LEDs (EPLED Series), supercontinuum sources and Nd:YAG lasers (lasers and semiconductor sources provide point source illumination). Steady state emission spectra and fluorescence lifetime measurements can be obtained from specific spots on your sample, when using appropriate lasers. Lasers can achieve a spot size of ~2 \u03bcm (objective dependent). The optional FLIM add-on includes a computer-controlled XYZ stage and unlocks special features in the Fluoracle software including advanced analysis options for maps, such as multi-component decay fitting algorithms.\nDownload the MicroPL Datasheet.\n\n\n\n\n\t\t\t\tX-Ray Excited Luminescence\t\t\t\n\nThe XS1 is an external sample chamber housing X-ray sources (pulsed and/or CW) for time-resolved and steady-state X-Ray luminescence spectroscopy. The X-ray induced luminescence is collected by a liquid light guide which delivers the light to the FLS1000 spectrometer for detection.\n\n\u00a0\n\u00a0\n\u00a0\n\u00a0\n\u00a0\n\u00a0\n\u00a0\nSample holders for cuvettes, slides and powders are included. The pulsed X-ray source must be optically excited with a picosecond or nanosecond laser (EPL or HPL series) to generate X-ray pulses which can be as fast as 150 ps (laser dependent), enabling the measurement of decays in the sub-nanosecond range\n\n\n\n\t\t\t\tVacuum Ultraviolet Photoluminescence\t\t\t\n\nA Vacuum Ultraviolet (VUV) version of the FLS1000 is available in different configurations: VUV excitation, VUV excitation and emission, steady state VUV photoluminescence only, steady state and time-resolved VUV photoluminescence. Fluorescence decays between 100 ps and 50 \u00b5s can be acquired using Time Correlated Single Photon Counting.\nThe system features VUV monochromators under vacuum, a deuterium lamp for continuous excitation in the range of 115 nm \u2013 400 nm, an optional pulsed VUV source providing sub-nanosecond excitation pulses, a vacuum chamber for the sample, VUV coated optics and vacuum ports to evacuate the system using turbomolecular pumps. The sample holder can accommodate solid samples in a front-face configuration. Systems with VUV emission feature a VUV PMT detector with a spectral range of 115 nm \u2013 230 nm.\n\n\n\n\t\t\t\tOther Upgrades\t\t\t\n\nMultiwell Plate Reader\nThe multiwell plate reader is an external module that is attached to the FLS1000 to perform spectral or time-resolved measurements on multi-well plates. The multiwell plate reader module is coupled to the FLS1000 by means of a bifurcated optical fibre. The control of the module is fully automated from the Fluoracle, temperature near the well plate is recorded. Spectral range depends on spectrometer configuration and bifurcated fibre assembly. Up to 96 wells\u00a0are available.\n\nTitration Module\nThe titration accessory is based on a dual syringe Hamilton titrator (ML635) that is connected to the computer by RS232. The accessory comprise of two 1 ml syringes, connecting tubing, a flow cuvette and a light tight feed-through into the FLS1000 sample chamber. Titration is controlled through Fluoracle. Kinetic measurements with manual or automated titration steps and automated multiple spectral scanning are possible.\nStopped-Flow Accessory\nRapid kinetic accessory for multi-mixing capabilities. Comprises sample handling unit, fitted with three 1 ml drive syringes, 600 mm long umbilical, pneumatic drive system and square mixing/observation cuvette with standard dimensions (10 mm). Includes slotted sample chamber lid to allow the cuvette to be fitted to the spectrometer. Manual control.\n\n\n\n", "Upgrades img": ["https://www.edinst.com/wp-content/uploads/2017/03/^57B171175FCC9D8B9F1D45644DB49D4AA86809F0489FCECEFD^pimgpsh_fullsize_distr.jpg", "https://www.edinst.com/wp-content/uploads/2015/09/Integrating-sphere-e1442507432201.jpg", "https://www.edinst.com/wp-content/uploads/2017/04/Picture2.png", "https://www.edinst.com/wp-content/uploads/2021/12/XS1_1-e1638365973294-1024x580.png", "https://www.edinst.com/wp-content/uploads/2015/09/plate-reader.jpg"], "Upgrades link": ["#", "https://www.edinst.com/?attachment_id=4066", "https://www.edinst.com/wp-content/uploads/2015/04/application.jpg", "/products/epl-laser-diodes-2/", "https://www.edinst.com/products/pulse-diode-laser-hpl-series/", "/products/picosecond-pulsed-led/", "https://www.edinst.com/products/pulse-diode-laser-vpl-series/", "https://www.edinst.com/products/pulse-diode-lasers-vpled-series/", "/techniques/time-resolved-fluorescence/", "/techniques/steady-state-fluorescence/", "/techniques/time-resolved-fluorescence/", "/techniques/phosphorescence-lifetime/", "/contact-us/", "/contact-us/", "https://www.edinst.com/contact-us/", "https://www.edinst.com/products/fluoracle-software-photoluminescence-control-and-analysis/", "https://www.edinst.com/products/fluoracle-software-photoluminescence-control-and-analysis/", "https://www.edinst.com/products/fluoracle-software-photoluminescence-control-and-analysis/", "https://www.edinst.com/products/fluoracle-software-photoluminescence-control-and-analysis/", "https://www.edinst.com/products/fls920-upgrades/integrating-sphere/", "https://www.edinst.com/products/fast-software-advanced-lifetime-analysis/", "/contact-us/", "https://www.edinst.com/products/epl-laser-diodes-2/", "https://www.edinst.com/products/pulse-diode-laser-hpl-series/", "https://www.edinst.com/products/picosecond-pulsed-led/", "https://www.edinst.com/wp-content/uploads/2017/04/WEB_MicroPL_Data-Sheet_0322_STG04.pdf", "https://www.edinst.com/products/epl-laser-diodes-2/", "https://www.edinst.com/products/pulse-diode-laser-hpl-series/", "https://www.edinst.com/products/fluoracle-software-photoluminescence-control-and-analysis/", "https://www.edinst.com/products/fls920-upgrades/plate-reader/", "https://www.edinst.com/products/fluoracle-software-photoluminescence-control-and-analysis/"], "Application Notes": "FLS1000 Photoluminescence Spectrometer\n\nPhotoluminescence Spectroscopy of Carbon Dots\nEnergy Transfer in a Liquid Scintillator Investigated using Time-Resolved X-ray Excited Luminescence Spectroscopy\nTime-resolved Spectroscopy of Phosphorescent Oxygen Sensors in a Relevant in vitro Environment for Biomedical Applications\nMeasuring Picosecond Fluorescence Lifetimes Using the FLS1000 Equipped with a Hybrid Photodetector\nFluorescence, Delayed Fluorescence and Phosphorescence Spectra of a TADF Emitter Measured using the FLS1000 with a VPL laser and Gated PMT Detector\n\n\u00a0\nYou can find all of our Application Notes here.\n", "Application Notes img": [], "Application Notes link": ["#", "https://www.edinst.com/photoluminescence-spectroscopy-of-carbon-dots/", "https://www.edinst.com/application-note-energy-transfer-in-a-liquid-scintillator-investigated-using-time-resolved-x-ray-excited-luminescence-spectroscopy/", "https://www.edinst.com/time-resolved-spectroscopy-of-phosphorescent-oxygen-sensors-in-a-relevant-in-vitro-environment-for-biomedical-applications/", "https://www.edinst.com/measuring-picosecond-fluorescence-lifetimes-using-the-fls1000/", "https://www.edinst.com/delayed-fluorescence-phosphorescence-spectra-tadf-emitter/", "https://www.edinst.com/library-categories/application-notes/"], "Downloads": "FLS1000 Photoluminescence Spectrometer BrochureFLS1000 Photoluminescence Spectrometer Datasheet FLS1000 Photoluminescence Spectrometer Applications BrochureTCC2 Lifetime Electronics Module Datasheet MicroPL Datasheet", "Downloads img": [], "Downloads link": ["#", "https://www.edinst.com/wp-content/uploads/2017/04/EI_FLS1000_Brochure_Product_04.2022_Stage-03.pdf", "https://www.edinst.com/wp-content/uploads/2017/04/FLS1000-Data-Sheet_04.2022_FINAL.pdf", "https://www.edinst.com/wp-content/uploads/2017/04/FLS1000-Photoluminescence-Spectrometer-Applications-Brochure.pdf", "https://www.edinst.com/wp-content/uploads/2017/04/TCC2-Specifications-Data-Sheet.pdf", "https://www.edinst.com/wp-content/uploads/2017/04/WEB_MicroPL_Data-Sheet_0322_STG04.pdf"]}