{"Page Title": "High Resolution Spectrometers", "Introduction": "\n200 nm \u2013 1075 nm\nUltra high resolution spectrometer\nDouble resolution over standard models\nResolutions better than 0.1 nm can be achieved\nSeveral units may be daisy chained together allowing simple configuration for dual and multi-beam process applications\nHigh speed plug and play interface using USB2\n\n", "Product Description": "The EPP2000-HR High Resolution fiber optic spectrometers are available in several low cost models for UV, VIS, and NIR applications.\nThe HR\u00a0spectrometers have double the resolution over standard models with the same grating. The wavelength range is reduced by the same factor. Resolutions better than 0.1 nm can be achieved depending on selected model range, detector, and slit size.\nApplications include wavelength monitoring and characterization for tunable lasers/LEDs and other sources such as elemental emissions from plasma & Laser Induced Breakdown Spectroscopy. Also, optical sensing of temperature, pressure, & position are enabled via Bragg grating technology.\n", "Product Description img": [], "Product Description link": ["#"], "Downloads": "High Resolution Spectrometers Full Specification", "Downloads img": [], "Downloads link": ["#", "https://www.edinst.com/wp-content/uploads/2015/09/StellarNet-EPP-High-Resolution-Spectrometers.pdf"]}