{"Page Title": "Red Wave - NIR", "Introduction": "\n900 nm \u2013 2300 nm\nFor near infrared measurements and applications\nInGaAs PDA detector with 512 or 1024 pixels\nIntegrated thermo electric cooler set to operate at -5 deg C\nPlug & play with Windows XP/Vista/7/8\nHigh Speed USB-2 interfaces\n\n", "Product Description": "The Red Wave micro spectrometer is designed for OEM and sensing applications in the near-infrared spectral region.\nThis miniature MEMS spectrometer covers spectral regions where InGaAs linear detector array technology lacks sensitivity and optical throughput.\nThese micro NIR sensors are the perfect solutions for demanding NIR applications and light measurement > 1700 nm\nThese Red Wave micro spectral sensors overcome the limitations of traditional linear array based spectrometers by utilizing innovative MEMS based Fabry-P\u00e9rot tunable filter technology.\nDue to their compact size and low cost, they are an ideal solution for advanced sensing application. These spectral sensors are designed for harsh industrial applications and they offer extreme ruggedness even in the most demanding environments.\n", "Product Description img": [], "Product Description link": ["#"], "Downloads": "Red Wave Full Specification", "Downloads img": [], "Downloads link": ["#", "https://www.edinst.com/wp-content/uploads/2015/09/StellarNet-RED-Wave-NIR.pdf"]}