{"Page Title": "Raman Lasers (532-785-1064 nm)", "Introduction": "\n532 nm, 785 nm, 1064 nm\nRaman Laser line 0.2nm FWHM\nadjustable power dial- max 499mW output\nBattery powered in Ruggedized metal case\nMiniature size just 508 mm x 101.6 mm\u00a0 x 152.4 mm\nLi-ion Battery Powered All Day\nAdd Raman- Probe- 785 and spectrometer\n\n", "Downloads": "Raman Lasers (532 nm, 785 nm, 1064 nm) Specification", "Downloads img": [], "Downloads link": ["#", "https://www.edinst.com/wp-content/uploads/2015/08/RamuLaser.pdf"]}