{"Page Title": "Black Comet - Research Grade", "Introduction": "\n190 nm \u2013 1100 nm\nResearch grade concave grating spectrometers\nConcave grating for UV-VIS applications\nPerfect spectral imaging with no mirrors for lowest possible stray light\nFlat field imaging for uniform resolution\nNo optical adjustments for extreme thermal stability\nPlug & play with Windows XP/Vista/7/8\nHigh Speed USB-2 interfaces\n\n", "Product Description": "These miniature fiber optic spectrometers with concave gratings deliver high performance for spectroscopy applications in the UV-VIS wavelength ranges covering 190 nm \u2013 1100 nm.\nThe instruments are exceptionally robust with no moving parts, and are packaged in small rugged metal enclosures for portable spectroradiometry and lab or process spectroscopy measurements.\nThe BLACK-Comet UV-VIS spectrometers utilize a 40mm diameter concave grating with aberration correction to provide superb spectral imaging. This significantly improves spectral shapes by reducing comma and astigmatism found in plane grating spectrograph designs.\nThe spectrograph architecture does not utilize mirrors, and therefore provides the lowest possible stray light in the UV with additional assistance from the holographic line grating.\nThe concave grating produces a flat field on the CCD detector creating uniform resolution over the entire range.\n", "Product Description img": [], "Product Description link": ["#"], "Downloads": "Black Comet Full Specification", "Downloads img": [], "Downloads link": ["#", "https://www.edinst.com/wp-content/uploads/2015/09/StellarNet-BLACK-Comet-Spec.pdf"]}