{"Page Title": "Cuvette Holders and Flow Cells", "Introduction": "\nCUV1 is a 4-way fibre optic cuvette holder used for transmission, absorbance, fluorescence, and colour measurements in liquids.\n\u00a0CUV-F is a fibre optic cuvette holder for SL1-LED excitation with 2 collimating lens for measuring fluorescence.\n\u00a0MFC is a mini flow cell with 10mm optical path length with fused silica windows.\nMFFC is a mini fluorescence flow cell that has a fibre optic cable input to send excitation energy through a fused silica window into a 2 mm inner-diameter sample compartment.\nCUV-TEMP is a temperature controlled cuvette holder for fluorescence\u00a0and absorbance measurements from -30 \u00b0C to +105 \u00b0C.\nQCV-5 Package of 5 Quartz cuvettes with 1 cm path length\n\n", "Downloads": "Cuvette Holders and Flow Cells Specification", "Downloads img": [], "Downloads link": ["#", "https://www.edinst.com/wp-content/uploads/2015/09/CUV-Cuvette-Holders.pdf"]}