{
  "Page Title": "RMS1000 Raman Microscope",
  "Introduction": "\nTruly Confocal \u2013 multiple position pinhole for high spatial resolution, fluorescence and background rejection and application optimisation\nFive-Position Grating Turrets \u2013 for unrivalled spectral resolution from <0.1 cm-1 and coverage over 5 cm-1 \u2013 30,000 cm-1\nTwo Spectrograph Options \u2013 standard compact and long focal length spectrographs available for ultimate resolution, sensitivity, and stray light rejection\nFour Simultaneous Detectors \u2013 up to 4 detectors can be installed, including high efficiency TE-cooled CCDs, EMCCDs, InGaAs and more\nPhotoluminescence Microscopy, Time-Resolved Measurements, Fluorescence Lifetime Imaging (FLIM) \u2013 extend the Raman capabilities to fluorescence and beyond\n\n",
  "Product Description": "The RMS1000 is an open architecture research grade confocal Raman microscope. It has been designed so it can be adapted to almost any modern, state-of-the-art Raman application.\nThis high-end research tool has been built with no compromises; resulting in a system that stands alone in both specification and ease of use. Applications beyond Raman such as time-resolved fluorescence microscopy and fluorescence lifetime imaging (FLIM) are all possible with the versatile RMS1000.\n\nFor our Raman microscope price details, further information or to find out how the RMS1000 Raman Microscope can assist you with your research, simply contact a member of our sales team at sales@edinst.com.\n",
  "Product Description img": [],
  "Product Description link": ["#", "mailto:sales@edinst.com"],
  "Technical Specifications": [
    ["", "Specifications", ""],
    [
      [],
      [
        "LASERS",
        "",
        "Up to 5 integrated narrow-band lasers: 532 nm, 638 nm, 785 nm typically used"
      ],
      [
        "",
        "",
        "Additional lasers from UV to NIR are available. External lasers can be integrated"
      ],
      ["", "", "Laser selection is fully computer-controlled"],
      [
        "",
        "",
        "Associated laser rejection filters included, fully computer-controlled"
      ],
      ["SPECTROGRAPHS", "Wavelength Range", "200 nm \u2013 2,200 nm"],
      ["", "Gratings", "5-position grating turrets"],
      ["", "Slits", "Continuously adjustable, fully computer-controlled"],
      [
        "SPECTRAL RESOLUTION",
        "",
        "From <0.1 cm-1 (depending on grating, laser and CCD selection)"
      ],
      [
        "SPATIAL RESOLUTION",
        "XY (lateral), Z (axial)",
        "0.25 \u00b5m, <1 \u00b5m (depending on laser and microscope objective)"
      ],
      [
        "SPECTRAL RANGE",
        "",
        "5 cm-1 * \u2013 30,000 cm-1 (* with low wavenumber attachment)"
      ],
      [
        "CONFOCAL IMAGING",
        "",
        "Adjustable confocal pinhole, fully computer-controlled"
      ],
      [
        "DETECTORS",
        "CCD Detector",
        "High sensitivity ultra low noise spectroscopy CCDs"
      ],
      ["", "", "1650 x 200 pixels, TE-cooled -60\u00b0C (standard)"],
      [
        "",
        "",
        "2000 x 256 pixels, TE-cooled -60\u00b0C (enhanced sensitivity / spectral range)"
      ],
      [
        "",
        "Optional Second Detector",
        "EMCCD detector, 1600 x 200 pixels, TE-cooled -100\u00b0C (fast response time)"
      ],
      [
        "",
        "",
        "InGaAs array, 1024 pixel, TE-cooled -90\u00b0C, up to 2,200 nm"
      ],
      [
        "SOFTWARE",
        "Ramacle\u00ae",
        "Comprehensive all-in-one, intuitive software package"
      ],
      ["", "Optional", "Chemometric, spectral library packages"],
      [
        "FLUORESCENCE",
        "Spectral",
        "With low resolution grating and integrated CCD"
      ],
      [
        "",
        "Lifetime",
        "With picosecond pulsed lasers, TCSPC electronics, fast photon counting detectors"
      ],
      ["", "", "Spectral and lifetime fluorescence mapping is also available"],
      [
        "LASER SAFETY",
        "Without Laser Enclosure",
        "Class 3B (depending on external laser source)"
      ],
      ["", "With Laser Enclosure", "Class 1"],
      ["DIMENSIONS", "W x D x H", "From 975 mm x 610 mm x 1170 mm"],
      ["", "Weight", "From 114 kg"]
    ],
    ""
  ],
  "Technical Specifications img": [],
  "Technical Specifications link": ["#"],
  "Software": "RAMACLE\u00ae SOFTWARE\nRamacle is an exceptional software package written for complete instrument control and data handling on the RMS1000 system. Ramacle controls all RMS1000 functions with a straightforward design concept. It focuses on all modern Raman spectroscopy applications, while at the same time, providing a user-friendly interface with \u2018ready to publish\u2019 outputs.\n\nThe software provides control, visualisation, data acquisition, analysis and presentation of the RMS1000 whether it is used for generating Raman spectra or with advanced upgrades such as Raman mapping. Ramacle easily navigates the user from microscope set up to measurement set up and offers computer-controlled measurement conditions such as laser excitation, grating, pinhole size etc.\n\nRamacle enables sample visualisation, live signal monitoring and parameter optimisation before every measurement. The instrument status and signal are displayed and constantly updated during measurements.\n\nData generated by Ramacle have a proprietary file format. This contains all measurement and instrumental properties, allowing the user to retrieve important information whenever needed and ensures data traceability. Simple input and output functions provide the required compatibility with third party data analysis or presentation packages.\nKnowItAllTM Raman Identification Pro spectral library is available for material identification and advanced analysis. Data acquisition methods such as single measurements, multiple and\u00a0 accumulated scans, kinetic scans and generation of maps (accessory dependent) are implemented by intuitive and in user-friendly wizards.\n\nRaman Mapping\nMapping the Raman spectra within a sample area provides previously unavailable information about the chemical and physical differences across a sample. This can confirm the identity and presence of specific components and reveals their location and distribution within the sample. The figure demonstrates an XY Raman map of a gemstone containing two constituents. The Raman map is false coloured based on Raman bands specific to each constituent.\n\nUsing Ramacle the user can use our fast-mapping technique. This uses the camera and motorised stage to the fullest, greatly reducing acquisition times. The figure below shows Raman map revealing trace amounts of paracetamol (shown in red) left behind in a fingerprint on aluminium foil. Using standard mapping this map would have taken over 20 hours, using fast mapping this acquisition took under 30 minutes, without losing any spectral or spatial quality.\n\nMapping in Ramacle also allows measurements in the Z axis, thanks to the computer-controlled pinhole. 3D mapping enables the user to gain a depth profile of their sample and is extremely useful for analysing layers samples for quality control and layer thickness conformation. Below is a 3D Raman map of a transdermal patch is shown, the different layers can clearly be differentiated.\n\nCommonly, samples are not perfectly flat, and this can cause focus issues when Raman mapping. Using the surface mapping feature in Ramacle the user can create an in-focus white light image with set Z-positions. These Z-positions will then be used for the Raman map creating a completely in focus 2D Raman map. The image below shows the difference between a sample with and without surface mapping.\n\n\nWith Ramacle fluorescence lifetime measurement at a single point of the field of view are possible. EPL/picosecond pulsed diode lasers are employed as excitation sources and the emission wavelength of detection is selected by the spectrograph. The TCSPC electronics provides temporal (lifetime) resolution with picosecond accuracy. The image shows the wide field with the selected laser spot for excitation. The insert shows the fluorescence lifetime measurement (red) together with the instrumental response function (blue) which was measured by replacing the sample with an ultra-fast decaying fluorophore (4-DASPI).\n\nFluorescence lifetime images (FLIM) can be created using the scan stage mapping facility that comes with the RMS1000. Instead of a Raman spectrum, a fluorescence lifetime measurement is obtained for every point of the image. The powerful Ramacle software will process all fluorescence decays and will produce a map (or image) of the average lifetime or other lifetime parameters. The image shows the average lifetime and fluorescence intensity image of a Convallaria Rhizome section stained with Acridine Orange. FLIM reveals variation in lifetime across lignified and pectin rich cell walls (2 exponential tail fitting).\n\nUsing these features in Ramacle the user can acquire Raman, photoluminescence, and lifetime maps using the RMS1000. The image below shows the biochemical analysis of woody plant cell walls using our multi-modal micro-spectroscopy approach.\n\n\u00a0\nRamacle Key Features\n\nSelection of laser and scatter optical pathways\nSelection of excitation wavelength, gratings and exposure time\nSample and laser focus visualisation\nProgrammed attenuator and shutter\nSingle, accumulated and kinetic spectral acquisitions (Raman and Photoluminescence)\nSpectral correction\nSelection and scans of internal calibration standards and automated calibration correction\nData operations such as arithmetic, scaling, normalisation and baseline subtraction\nCosmic ray removal, cropping, smoothing\nAutomated laser alignment\nASCII / CSV data import / export function\nPaste options for presentations and publications\n\n\u00a0\nFeatures included with upgrades:\n\nMapping features \u2013 map setup, collection and data analysis\nFully motorised stage \u2013 XYZ control through joystick and software\nAutofocus\nFluorescence lifetime measurements\nPolariser and analyser selection and control\nDetectors selection\nLaser rejection filter selection\nExternal camera selection and visualisation\n\n",
  "Software img": [
    "https://www.edinst.com/wp-content/uploads/2019/07/Picture1-1024x555.jpg",
    "https://www.edinst.com/wp-content/uploads/2019/07/Picture2-1024x555.jpg",
    "https://www.edinst.com/wp-content/uploads/2019/07/Picture3.jpg",
    "https://www.edinst.com/wp-content/uploads/2019/07/Picture4-930x1024.png",
    "https://www.edinst.com/wp-content/uploads/2019/07/Picture5-1024x296.png",
    "https://www.edinst.com/wp-content/uploads/2019/07/Picture6-1024x350.jpg",
    "https://www.edinst.com/wp-content/uploads/2020/10/Picture7.png",
    "https://www.edinst.com/wp-content/uploads/2020/10/Image-8-website-FLIM-RMS1000-only-1024x382.jpg",
    "https://www.edinst.com/wp-content/uploads/2020/10/Picture12.png"
  ],
  "Software link": ["#"],
  "Upgrades": "\n\n\t\t\t\tLasers\t\t\t\n\n\u00a0\n\nThe RMS1000 is built with flexibility in mind. A choice of excitation lasers (internal or external to the system) and associated laser rejection filters (both edge and notch) are available. Additionally picosecond pulsed diode lasers (EPL series) can be added if fluorescence measurements are required.\n\n\n\n\t\t\t\tSpectrographs\t\t\t\n\n\nThe RMS1000 can be fitted with both standard and long focal length spectrographs. This allows the system to be configured for ultimate spectral resolution, maximum optical throughput, low wavelength and ultraviolet spectral ranges, or for highly sensitive measurements.\n\n\n\n\t\t\t\tDetectors\t\t\t\n\n\nA choice of CCD, EMCCD and InGaAs detectors are available with a maximum of 4 detectors being integrated per system. For fluorescence lifetime measurements, single photon counting detectors can also be integrated.\n\n\n\n\t\t\t\tMicroscope Accessories\t\t\t\n\n\u00a0\n\nThe RMS1000 uses either an upright or inverted microscope platform which is compatible with all standard microscopy applications.\nBrightfield, darkfield, polarised light, differential interference contrast (DIC) and fluorescence accessories are all available. A large choice of high-quality microscope objectives, high-performance visualisation cameras, collimators and illuminators can be added to the microscope at any time.\n\n\n\n\t\t\t\tSample Stages\t\t\t\n\n\nManual or motorised stages are available. The motorised stage allows automated XYZ Raman and fluorescence maps to be obtained and generated through Ramacle. Autofocus and heating/cooling of samples is also available.\n\n\n\n\t\t\t\tAccessories and Laser Safety\t\t\t\n\n\nOther accessories such as a polarisation kit, cuvette holder, and a Class I laser safety enclosure are also available to further expand the capabilities, flexibility and safety of your RMS1000 system. Coupling to other fluorescence spectrometers is also possible.\n\n\n\n",
  "Upgrades img": [
    "https://www.edinst.com/wp-content/uploads/2020/10/RMS1000_Upgrades_LASER-002.jpg",
    "https://www.edinst.com/wp-content/uploads/2020/10/RMS1000_Upgrades_SPECTRGRAPH.jpg",
    "https://www.edinst.com/wp-content/uploads/2019/07/detector.gif",
    "https://www.edinst.com/wp-content/uploads/2020/10/RMS1000_Upgrades_ACCESSORIES.jpg",
    "https://www.edinst.com/wp-content/uploads/2020/10/RMS1000_Upgrades_SAMPLE-STAGE.jpg",
    "https://www.edinst.com/wp-content/uploads/2020/10/RMS1000_Upgrades_LASER-SAFETY.jpg"
  ],
  "Upgrades link": [
    "#",
    "https://www.edinst.com/wp-content/uploads/2019/07/detector.gif"
  ],
  "Application Notes": "RMS1000 Confocal Raman Microscope\n\n\nRaman Spectroscopy as a Tool for Studying Polymer Phase Transitions\n\n3D Raman Mapping of a Transdermal Patch\n\nConfocal Raman and Photoluminescence Microscopy for Forensic Investigations\n\n\nDiscrimination of Cooking Oils Using Raman Spectroscopy\n\n\nImaging Charge Extraction in VACNT Perovskite Solar Cells using Spectral and Lifetime Confocal Photoluminescence Mapping\n\n\n\u00a0\nYou can find all of our Application Notes here.\n",
  "Application Notes img": [],
  "Application Notes link": [
    "#",
    "https://www.edinst.com/raman-spectroscopy-as-a-tool-for-studying-polymer-phase-transitions/",
    "https://www.edinst.com/3d-raman-mapping-of-a-transdermal-patch/",
    "https://www.edinst.com/application-note-confocal-raman-and-photoluminescence-microscopy-for-forensic-investigations/",
    "https://www.edinst.com/discrimination-of-cooking-oils-using-raman-spectroscopy/",
    "https://www.edinst.com/imaging-charge-extraction-in-vacnt-perovskite-solar-cells-using-spectral-and-lifetime-confocal-photoluminescence-mapping/",
    "https://www.edinst.com/library-categories/application-notes/"
  ],
  "Downloads": "RMS1000 Raman Microscope Brochure",
  "Downloads img": [],
  "Downloads link": [
    "#",
    "https://www.edinst.com/wp-content/uploads/2020/10/RMS1000-Raman-Microscope-Brochure.pdf"
  ]
}
