{
  "Page Title": "150 W Xenon Arc Lamp",
  "Introduction": "The best way of supplying a broad band, stable light pulse with a flat time profile is by using a xenon arc lamp operated by adding a \u201csuper current pulse\u201d to the low current simmer supply. A pulsed xenon lamp exhibits a significant increase in the emitted photon flux during the period of the pulse, compared with the photon flux from the same lamp in steady state operation over the equivalent time period. During pulsed operation, the colour temperature of the arc is dramatically increased over its steady state equivalent and as a result, the emission profile is shifted towards the UV and the spectrum is less structured. The LP980 contains a built-in lamp pulser with particular emphasis on pulse flatness, reproducibility and minimum ripple.\n",
  "Product Description": "150 W CW xenon arc lamp emits from 230 nm \u2013 1000 nm.\nThe lamp comes standard on the FS5\n",
  "Product Description img": [],
  "Product Description link": ["#"],
  "Technical Specifications": "Output Power: 150 W\nRange: 230 nm \u2013 1000 nm\n",
  "Technical Specifications img": [],
  "Technical Specifications link": ["#"]
}
