{"Page Title": "Advanced FAST Software", "Introduction": "FAST (Fluorescence Analysis Software Technology) was written for the advanced analysis of fluorescence and phosphorescence decay kinetics.\nThis software package sets new standards in precision, robustness and speed of data acquisition.\nFAST is an add-on to the Fluoracle and F980 (predecessor to Fluoracle) software packages and provides advanced analysis tools for photoluminescence decay kinetics not provided as standard\nDownload the latest trial version of FAST Software\n", "Product Description": "For the advanced analysis of fluorescence and phosphorescence decay kinetics, Edinburgh Instruments offers the FAST Software package.\u00a0FAST provides unsurpassed accuracy and fits that\u00a0are 100% convergent.\nFAST contains a library of advanced data reconvolution and curve fitting routines based on proprietary data processing algorithms, which in both speed and reliability surpass the conventional Marquardt-Levenberg algorithm.\nThe user can have complete confidence in the quality and reproducibility of the analysed data as it has been comprehensively tested with real and simulated data for validation. Despite the sophisticated and challenging analysis models, FAST is easy to operate, with an intuitive and user friendly interface. A wide range of data input, on screen visualisation, hardcopy and clipboard facilities are available.\nExperimental data can be analysed one at a time or in batch mode. The latter is particular useful for larger data sets such as in assay development and screening.\nThe variety of analysis models comprises:\n\u2013 Discrete Component Analysis of up to 4 exponential terms with no initial estimates required\n\u2013 Distribution of Lifetime Analysis with a \u201cgrid\u201d of up to 200 lifetimes\n\u2013 Global Lifetime Analysis\u00a0for data file formats and fit parameter options\n\u2013 Stretched Exponential Component Analysis\n\u2013 F\u00f6rster Kinetics and\u00a0Micellar Quenching\n\u2013 5 different Time-Resolved Fluorescence Anisotropy decay models\n", "Product Description img": ["https://www.edinst.com/wp-content/uploads/2015/09/global-graph.jpg", "https://www.edinst.com/wp-content/uploads/2015/09/discrete-component-graph.jpg"], "Product Description link": ["#", "https://www.edinst.com/products/fast-software-advanced-lifetime-analysis/global-graph/", "#"], "Technical Specifications": [["Advanced Analysis Tools of FAST (not provided as standard)"], [[], ["Lifetime distribution analysis"], ["Exponential components analysis"], ["Support plane analysis for the calculation of lifetime confidence intervals"], ["Global exponential components analysis"], ["Stretched exponential components analysis"], ["F\u00f6rster kinetics analysis"], ["Micellar quenching kinetics analysis"], ["Analysis of time resolved fluorescence anisotropy kinetics"]], ""], "Technical Specifications img": [], "Technical Specifications link": ["#"], "Downloads": "FAST Software Datasheet", "Downloads img": [], "Downloads link": ["#", "https://www.edinst.com/wp-content/uploads/2015/09/FAST-Flyer-Low-Res-for-Website.pdf"]}