{"Page Title": "AGILE Tunable White Light Source", "Introduction": "\nPicosecond pulsed source for TCSPC\nContinuous spectral output from <400 nm to >2000 nm\nTunable repetition rate from 10 kHz to 1 MHz\nDesigned for FLS1000 (standalone operation possible)\nCompatible with MCS measurements\n\n", "Product Description": "AGILE\u00ae is a wavelength-tunable, high brightness supercontinuum laser providing picosecond pulses with variable kHz to MHz repetition rates.\n\nAGILE features a broadband spectral output from <400 nm to >2000 nm and pulse repetition rates from 10 kHz to 1 MHz, making it the ideal light source for the majority of fluorescence lifetime applications. Using the Time-Correlated Single Photon Counting (TCSPC) technique, fluorescence lifetimes from a few picoseconds to microseconds can be accurately resolved. It is also compatible with Multi-Channel Scaling (MCS) mode for lifetimes extending beyond the microsecond range.\nCoupling AGILE to a monochromator provides continuous wavelength tuning across the visible and near-infrared spectrum with output power and temporal profile comparable to individual, single wavelength, picosecond pulsed diode lasers.\n", "Product Description img": [], "Product Description link": ["#"], "Technical Specifications": [[], [["Wavelength Range (nm)", "< 400 to > 2000", "", "", "", "", ""], ["Repetition Rate", "10 kHz \u2013 1 MHz", "", "", "", "", ""], ["Wavelength Range (nm)", "400 \u2013 500 ", "500 \u2013 600 ", "600 \u2013 700", "700 \u2013 800", "800 \u2013 900", "900 \u2013 1000"], ["Average Output Power/ 10 nm Bandpass (mW) * ", "0.51", "0.39", "0.30", "0.27", "0.17", "0.11"], ["Typical Pulse Width (ps)", "350", "250", "200", "200", "200", "200"], ["Total Power Stability", "< 2% ** ", "", "", "", "", ""], ["Polarisation", "Unpolarised", "", "", "", "", ""], ["Beam Output", "Collimated or focused", "", "", "", "", ""], ["Computer Interface", "USB 2.0", "", "", "", "", ""], ["Synch Output", "NIM (for TCSPC)", "", "", "", "", ""], ["Trigger Output", "TTL (for MCS)", "", "", "", "", ""], ["Interlock Input", "Hirose HR10-7R-4S (73)", "", "", "", "", ""], ["Operating Temperature", "+15\u00b0C to +30\u00b0C", "", "", "", "", ""], ["Software Control", "Fluoracle", "", "", "", "", ""], ["Power", "90 \u2013 240 VAC, 1A, \n50/60 Hz", "", "", "", "", ""], ["Dimensions", "410 mm (L) \n305 mm (W)\n245 mm (H)", "", "", "", "", ""], ["Weight", "14 kg (approx)", "", "", "", "", ""]], "", "* at a repetition rate of 1 MHz", "** after 20 min warm up time in stable environment"], "Technical Specifications img": [], "Technical Specifications link": ["#"], "Downloads": "AGILE Datasheet", "Downloads img": [], "Downloads link": ["#", "https://www.edinst.com/wp-content/uploads/2021/09/Agile-Data-Sheet_Stg08-WEB.pdf"]}