{"Page Title": "Dwarf Star - Miniature NIR", "Introduction": "\n900 nm \u2013 1700 nm\nMiniature NIR InGaAs extended range spectrometer\nMeasurements in the 900-1700 nm (0.90-1.70 um) ranges\nFor NIR portable and OEM applications\nInGaAs PDA detector with 512 or 1024 pixels\nIntegrated thermo electric cooler set to operate at -5 deg C\nPlug & play with Windows XP/Vista/7/8\nHigh Speed USB-2 interfaces\nComplete Software Development and Integrated Chemometrics options\n\n", "Product Description": "The DWARF-Star, is small, robust, and equipped with high performance InGaAs detector array for the 900 nm -1700 nm wavelength range and achieves resolving resolutions to 1.25 nm.\nThe DWARF-Star features no moving parts and is packaged in a small rugged metal enclosure for portable, process, and OEM applications.\nAdvancements in electronic and optical design have allowed for size reduction never before achieved in a NIR spectrometer.\nThe InGaAs detector is a Sensors Unlimited linear photo diode array with 512 pixels (1024 optional) 25 \u03bcm by 500 \u03bcm tall to provide maximum sensitivity.\nThe detector has an integrated thermo electric cooler (TEC) maintained at \u201310 \u00b0C, stabilized within +/-0.1 \u00b0C.\nThe NIR spectrometers accept a single strand SMA-905 terminated, low OH, fiber optic cable as input.\nSeveral models provide a variety of operational ranges and resolutions suitable for both spectroscopy and optical spectrum analysis.\n", "Product Description img": [], "Product Description link": ["#"], "Downloads": "Dwarf Star Full Specification", "Downloads img": [], "Downloads link": ["#", "https://www.edinst.com/wp-content/uploads/2015/09/StellarNet-DWARF-Star-Spec-Sheet.pdf"]}