{"Page Title": "Raman Spectrometers", "Introduction": "\nRaman spectrometers are ruggedized miniature spectrometers configured specifically for Raman\nspectroscopy applications using 785nm lasers\nEnhanced optics allow for extreme sensitivity and extra low stray light values down to 0.05%\nHigh Resolution models available down to 4cm-1 with options for maintaining S/N with TEC cooling\nCompact size & seriously rugged for portable and field applications. Metal enclosures are extremely durable\n\n", "Product Description": "These compact raman\u00a0spectrometers perform quick identification of a variety of liquid, solid, or powder samples.\nThe micro\u00a0Raman spectrometers include enhanced CCD array detectors for 785 nm Raman & 532 nm Raman (other wavelengths available on request) or cooled InGaAs photodiode arrays for 1064 nm Raman where interference from sample fluorescence is minimized and virtually non-existent.\nThese Raman spectrometers have no moving parts and are permanently aligned for shock-proof durability. \u00a0SMA-905 optical input to spectrometer allows attachment of Raman probes or fiber optic sample accessories.\n", "Product Description img": [], "Product Description link": ["#"], "Downloads": "Raman Spectrometers Full Specification", "Downloads img": [], "Downloads link": ["#", "https://www.edinst.com/wp-content/uploads/2015/09/Raman-Spectrometers.pdf"]}