{"Page Title": "Portability Options", "Introduction": "Battery Packs \n\nBP1 is a Lithium-Ion Battery Pack with 5400mA/h, 2 x 5V out. Ultimate Portability using the light weight BP1/BP2 battery pack for field work. Long Life rechargeable battery pack BP1 provides over 5 hours of continuous spectral acquisition for RED-Wave NIR-InGaAs spectrometer with TEC or 20 hours with TEC off or when using other spectrometer models.\nBP2 is a Lithium-Ion Battery Pack with 7400m A/h, 2 V x 5 V & 2 V\u00a0x 12 V out. BP2 adds on 2 additional 12 V power outputs to operate 2 spectrometers and 2 light sources. The BP2 can power the SL1 and the SL5 lamps.\n\nInstrument Case\n\nThe instrument case is water-tight, crush-proof, and dust-proof.\u00a0 It has easy to open double throw latches and padlock protectors. Pack your spectroscopy equipment for field measurements.\n\n", "Downloads": "Battery Pack Specification", "Downloads img": [], "Downloads link": ["#", "https://www.edinst.com/wp-content/uploads/2015/08/Battery-Power-Packs.pdf"]}