{
  "Edinburgh Instruments Launches New IR5 FTIR Spectrometer": "Edinburgh Instruments is delighted to announce the release of its new benchtop FTIR Spectrometer, the IR5, designed and manufactured at their global headquarters in Scotland.\r\n\r\nThe IR5 is the first Fourier Transform Infrared (FTIR) spectrometer of the Edinburgh Instruments brand, renowned for its expertise in instrumentation for Raman, fluorescence, and UV-Vis absorption spectroscopies. The IR5 is a modern, high-performance benchtop FTIR",
  "Edinburgh Instruments Launches New IR5 FTIR Spectrometer img": "https://www.edinst.com/news/edinburgh-instruments-launches-new-ir5-ftir-spectrometer/",
  "Edinburgh Instruments Introduces New MicroPL Upgrade for Photoluminescence Spectrometers": "\r\n\r\nEdinburgh Instruments is delighted to announce the introduction of a new upgrade for its photoluminescence spectrometers, designed and manufactured at their global headquarters in Scotland.\r\n\r\nThe MicroPL upgrade enables the study of spectral or time-resolved photoluminescence of samples in the microscopic scale by converting an Edinburgh Instruments photoluminescence (PL) spectrometer into a combined spectrometer and microscope system. A wide range of",
  "Edinburgh Instruments Introduces New MicroPL Upgrade for Photoluminescence Spectrometers img": "https://www.edinst.com/news/edinburgh-instruments-introduces-new-micropl-upgrade-for-photoluminescence-spectrometers/",
  "New Pulsed Light Sources from Edinburgh Instruments": "Edinburgh Instruments is delighted to launch a series of pulsed light sources for time-resolved photoluminescence spectroscopy. The VPL, VPLED and HPL series of pulsed diode lasers and LEDs expand the range of compact, monochromatic sources on offer, while the AGILE supercontinuum laser provides tunable picosecond pulses across the visible and NIR regions.\r\n\r\n\r\n\r\nFig 1. Edinburgh Instruments light sources\r\n\r\nThe HPL diode lasers",
  "New Pulsed Light Sources from Edinburgh Instruments img": "https://www.edinst.com/news/new-pulsed-light-sources-from-edinburgh-instruments/",
  "Edinburgh Instruments Affiliated Partnership with Edinburgh Rugby": "\r\nWe are delighted to announce our new affiliated partnership with Edinburgh Rugby.\r\nEdinburgh Rugby has been competing at the forefront of Scottish and European rugby for over 145 years. As we mark our own 50th Anniversary, this collaboration is a perfect opportunity to work together and reinforce our world-class spectroscopic instrumentation alongside Edinburgh Rugby\u2019s formidable reputation and winning drive.\r\nOur branding will",
  "Edinburgh Instruments Affiliated Partnership with Edinburgh Rugby img": "https://www.edinst.com/news/edinburgh-instruments-affiliated-partnership-with-edinburgh-rugby/",
  "Techcomp Europe Acquires Majority Shareholding in Mass Spectrometer Manufacturer, Isotopx Limited": "\r\n\r\nTechcomp Instruments Limited (\u201cTechcomp\u201d) is delighted to announce that Techcomp Europe has successfully completed the acquisition of a majority shareholding in Isotopx Limited, based in Middlewich, Cheshire.\r\n\r\nFor the past 13 years Isotopx has been at the forefront of mass spectrometer design and innovation. The whole team at Isotopx, led by CEO and founder Zenon Palacz, are justifiably proud of their",
  "Techcomp Europe Acquires Majority Shareholding in Mass Spectrometer Manufacturer, Isotopx Limited img": "https://www.edinst.com/news/techcomp-europe-acquires-majority-shareholding-in-mass-spectrometer-manufacturer-isotopx-limited/",
  "Techcomp Expands Operations with new Research and Engineering Facility in Scotland": "\r\n\r\nStaff at Techcomp Research and Engineering Centre (TREC) were delighted to take the keys this week to a new facility situated alongside their Scottish HQ in West Lothian.\r\n\r\nThe facility will enable TREC to further support the research and development requirements of Techcomp\u2019s three core technologies: Molecular Spectroscopy, Chromatography and Laboratory Products. It expands the footprint of Techcomp in the UK",
  "Techcomp Expands Operations with new Research and Engineering Facility in Scotland img": "https://www.edinst.com/news/techcomp-expands-operations-with-new-research-and-engineering-facility-in-scotland/",
  "In the News: Techcomp Latin America": "\r\n\r\nIn response to excellent business growth throughout the Americas, we have made a number of exciting appointments to our team in recent months. We are now delighted to announce that Christophe Roux has joined the team from sister company Froilabo and will be leading our business development activities on the American continent.\r\n\r\nChristophe will be based at our new, larger premises",
  "In the News: Techcomp Latin America img": "https://www.edinst.com/news/in-the-news-techcomp-latin-america/",
  "Edinburgh Instruments Celebrates its 50th Anniversary": "\r\nAs we enter 2021, we are delighted to celebrate 50 fantastic years in business.\r\nFounded in 1971 by Professor Des Smith, we have grown from humble beginnings as a private spin-out company on Britain\u2019s first University \u201cResearch Park\u201d at Herriot Watt University in Edinburgh to become global leaders in the field of research, development and manufacturing of state-of-the-art spectroscopic instrumentation. Over",
  "Edinburgh Instruments Celebrates its 50th Anniversary img": "https://www.edinst.com/news/edinburgh-instruments-celebrates-its-50th-anniversary/",
  "Precision Raman: New RMS1000 Raman Microscope from Edinburgh Instruments": "Edinburgh Instruments is delighted to announce the launch of the new RMS1000 Raman Microscope designed and manufactured at their global headquarters in Scotland.\r\n\r\n\r\n\r\nThe RMS1000 Raman Microscope is an open architecture, research grade confocal Raman Microscope. It has been designed to be adapted to almost any modern, state-of-the-art Raman application. This high-end research tool has been built with no compromises; resulting",
  "Precision Raman: New RMS1000 Raman Microscope from Edinburgh Instruments img": "https://www.edinst.com/news/precision-raman-new-rms1000-raman-microscope-from-edinburgh-instruments/",
  "Techcomp Beijing have Moved to a New Home!": "Techcomp Beijing are delighted to announce their move to new offices in the city. This will enable the business to facilitate new strategic development plans.\r\n\r\nAccompanied by all staff, Ms Zhanghairong, the vice president of TIL, and the vice president of Techcomp Scientific Limited, hosted a welcome ceremony and celebrated the move to the new office with a traditional ribbon cutting",
  "Techcomp Beijing have Moved to a New Home! img": "https://www.edinst.com/news/techcomp-beijing-have-moved-to-a-new-home/"
}
