{"Page Title": "Laser-Induced Breakdown (LIBS)", "Introduction": "LIBS has become the common acronym for element detection via laser induced plasma. This permits real-time qualitative identification of trace elements in solids, gases, and liquids via optical detection of elemental emission spectra.\n", "Downloads": "Laser-Induced Breakdown Spectroscopy (LIBS) Systems", "Downloads img": [], "Downloads link": ["#", "https://www.edinst.com/wp-content/uploads/2015/08/StellarNet-PORTA-LIBS-SPEC.pdf"]}