{"Page Title": "Silver Nova - UV/Vis TE-Cooled", "Introduction": "\n190 nm \u2013 1110 nm\nHigh efficiency UVN sprectrometer\nResolution 1.0 with 25um slit\nHighest Sensitivity for low light applications\nTE Cooler for 65% increased S/N at long exposures\nUV enhanced CCD detector with optical lens assemblies\nPlug & play with Windows XP/Vista/7/8\nHigh Speed USB-2 interfaces\n\n", "Product Description": "The Silver Nova is a high performance spectrometer\u00a0with a\u00a0ruggedized metal enclosure including a fiber optic input for demanding applications in the 190 nm \u2013 1110nm wavelength range that require high resolution and optimal sensitivity over a wide spectral range .\nThe Silver Nova is the most well rounded spectrometer choice allowing research grade results for numerous spectroscopic applications.\nThe spectrograph employs composite grating technology to deliver high efficiency in both the UV\u00a0and NIR spectral extremes.\nThe UV enhanced CCD detector with integrated TE cooler, gain enhancements, and optical lens assemblies allow for unparalleled sensitivity, with over 65% increased signal to noise at long exposures.\nAdvancements in Silver Nova optical design deliver 1nm resolution with a 25um slit.\nAdditionally, the metal enclosure is ruggedized and compact to allow for portable, process, or laboratory environments.\n", "Product Description img": [], "Product Description link": ["#"], "Downloads": "Silver Nove Full Specification", "Downloads img": [], "Downloads link": ["#", "https://www.edinst.com/wp-content/uploads/2015/09/StellarNet-SILVER-Nova-SPEC.pdf"]}